,UserId,Name,Phone,Email
0,UserID0,Emma Johnson,+613090613399,5sr2kkulrs@6ojlux00l4.com
1,UserID2,Olivia Thomas,+12635434215,bn7lpy5tq@5xzvu7hdxy.com
2,UserID4,Sophia Anderson,+445764979705,t4m8r7wu@dvq6y4.com
3,UserID6,Emma Johnson,+18452618996,9lprx@jvvtjllo.com
4,UserID8,James Clark,+17995332461,l9sqp6fr3@caowebrc5.com
5,UserID10,Michael Thomas,+817657001705,7f89auq@gwr5q.com
6,UserID12,Ava Davis,+445495049650,045gr7cxn@nuohskm3n.com
7,UserID14,Ava Johnson,+815436401582,vhw8rnc@gy12e43.com
8,UserID16,Sophia Brown,+811609772274,4ogh1n@em8ky149e.com
9,UserID18,Sophia Wilson,+13957702369,u15tpb@6vo1yw.com
10,UserID20,Michael Miller,+612285609461,bs2t03g3xw@tgmg1vcm.com
11,UserID22,Emma Brown,+441467916986,08urlhgihi@6f9mfq06.com
12,UserID24,Olivia Clark,+619557915851,w0jnbpvx@664zswy6.com
13,UserID26,Olivia Johnson,+441737286810,ioq325@t85xgw05.com
14,UserID28,Benjamin Johnson,+812647831005,ajbrm6akk8@2843ehmt.com
15,UserID30,Isabella Wilson,+441073573224,gx8gm@yexkd.com
16,UserID32,Ava Brown,+619919681245,6balt@7dngd1w.com
17,UserID34,Olivia Thomas,+449354731715,zwhrmu3dv@0n7xbf.com
18,UserID36,William Taylor,+618820461430,5fm5jk@k0bxu9nyiq.com
19,UserID38,Olivia Taylor,+811175869511,dopdp4ee@ux0uvi.com
20,UserID40,Benjamin Smith,+448034454140,8xqouas@2t9kc0.com
21,UserID42,Isabella Johnson,+816915435839,zdud4tq@e1khdsqj2.com
22,UserID44,Ava Taylor,+610554400250,buc0igsot@ni72ubu.com
23,UserID46,Olivia Taylor,+495093266545,ycydw@wpl49gkz.com
24,UserID48,Ava Miller,+816062674968,ro2exp0@1zfcjfriyh.com
25,UserID50,Ava Taylor,+14858697752,99x0murwoe@duol04.com
26,UserID52,Ava Taylor,+494586918851,sb2hj@4o145dbu.com
27,UserID54,Michael Johnson,+440642047002,icvjip@tzine.com
28,UserID56,William Johnson,+442699544353,jvye6v@av6vbze.com
29,UserID58,William Thomas,+810142912905,6g1uepqr@q3dze.com
30,UserID60,Isabella Anderson,+494656924100,5jgp8@wew2b.com
31,UserID62,Sophia Wilson,+813285281935,750jhsjs2s@bmogsj.com
32,UserID64,Ava Clark,+812334013660,9wwsinbb@f00776mwxw.com
33,UserID66,Sophia Anderson,+613375246574,3eqw9y6l@c7cppyp80e.com
34,UserID68,William Davis,+818866714885,3vcl1d@hbrt2.com
35,UserID70,John Anderson,+815082120281,43i7po@7twoq.com
36,UserID72,William Brown,+447112582379,6oun4ne@4qj4np.com
37,UserID74,Ava Anderson,+615814423793,4v11tgunv@fd7q0e4c.com
38,UserID76,Sophia Brown,+616522859142,u5nzqfxx@ust91.com
39,UserID78,James Wilson,+616433960719,kykes5@k8bvtb.com
40,UserID80,John Wilson,+490233769959,r0y5mr7oy@h3ghtau.com
41,UserID82,Sophia Taylor,+819720255500,baiz99tg2@y3d90rt35a.com
42,UserID84,Ava Brown,+617004022137,r7u8rj9nj@givinlk8.com
43,UserID86,James Thomas,+816641628705,5wgg45pe@y7ejunf.com
44,UserID88,Sophia Thomas,+610003615943,ftu8bw@cf5o1uxpc.com
45,UserID90,Isabella Brown,+610705344897,lgqigggz1@q8j209.com
46,UserID92,Benjamin Taylor,+615499002873,rdnvmwf9@1c0grgp8ny.com
47,UserID94,Benjamin Johnson,+497557705044,emg6osgx@6s3wmv8ve.com
48,UserID96,Olivia Clark,+614578874576,gqsssi@87uwgjh54.com
49,UserID98,Ava Smith,+13422417977,nzj7fr2y@g433lci.com
50,UserID100,Michael Wilson,+490983475206,5ghiwyaj4u@nn19xv9.com
51,UserID102,William Wilson,+11514413872,6i2k2de2@4ytnp2f.com
52,UserID104,Emma Smith,+612210932759,ds65g@r4haqx0g4w.com
53,UserID106,Benjamin Smith,+446821523295,n40fff@25o48.com
54,UserID108,James Brown,+499774983697,afozyci@itokk.com
55,UserID110,Sophia Wilson,+490141658657,fb9ic@76t93uy.com
56,UserID112,Isabella Brown,+494457634090,oylfa18uib@ve8x2.com
57,UserID114,Michael Miller,+615954858695,m0qb7@3rdu6ie.com
58,UserID116,James Miller,+15833404395,kzop64ss@7jafzl1267.com
59,UserID118,Benjamin Wilson,+618906638366,o6trpdw@1icy2v1hcc.com
60,UserID120,Emma Brown,+491849981864,xzjnp2amzk@5pdl4k6.com
61,UserID122,Ava Thomas,+449987368989,8rfndnd27@v186q18.com
62,UserID124,James Davis,+815914308539,rt3ok7e@0h8e9.com
63,UserID126,Benjamin Brown,+611250269255,ckpfag@3nnw0ujg.com
64,UserID128,William Miller,+813311088738,uw2mhdfl@g02lwxa7n9.com
65,UserID130,Emma Davis,+495600138650,6x7puxm2@k9ykv5rg.com
66,UserID132,Emma Thomas,+610470409251,xod2ann2@0m6eel9l.com
67,UserID134,James Smith,+811507744943,sua4ick@dc6ug.com
68,UserID136,Michael Davis,+812116772043,g3p0usqf@ctt0artmz6.com
69,UserID138,William Johnson,+613268788493,uzmv0@6efc9n1.com
70,UserID140,Olivia Brown,+612094468445,9fqtv0d@ita5rc3.com
71,UserID142,Benjamin Davis,+618617458086,5ckj7w@2pqf4r20.com
72,UserID144,Michael Wilson,+496594417967,889dvtug7n@1n3krz3.com
73,UserID146,Isabella Brown,+447931324280,haba83@hrrdi.com
74,UserID148,Olivia Johnson,+447100214681,8fvkava6@swhaqvnn1.com
75,UserID150,Olivia Clark,+495416118296,2tkn11jlx6@ulziqahbi.com
76,UserID152,William Brown,+810870273461,hp1umo6@7mjvavw2w.com
77,UserID154,Sophia Davis,+612295959237,sfpkms4ro@vn2qywsuh.com
78,UserID156,Isabella Anderson,+619601132157,uv8zh@0qncodqqb.com
79,UserID158,Isabella Brown,+12285576200,m8tdsjbs1u@ckk9lw959.com
80,UserID160,William Johnson,+619089769299,jqkqoji@1j4xc5.com
81,UserID162,Emma Johnson,+490178276714,r1tibprtpj@9l41qja2d.com
82,UserID164,Benjamin Wilson,+613429239073,lnr84zw4cx@6pmt0.com
83,UserID166,Emma Johnson,+617830170971,zgxtzqvoq@mh8s3r.com
84,UserID168,Benjamin Taylor,+496399572273,pqr2ec9s3x@bqcoh.com
85,UserID170,Olivia Clark,+495728314606,h2mh94mb@2g9ekl7l7.com
86,UserID172,Sophia Wilson,+17598918976,zmfkj3@nqtgz3968b.com
87,UserID174,Benjamin Miller,+493210252474,zpvc0bfp@3c0pr.com
88,UserID176,Isabella Clark,+811600342796,4yhl6@ht0pzzzyy.com
89,UserID178,Michael Clark,+15106917934,42wmb@g4eru7.com
90,UserID180,James Taylor,+813560770523,ci7jb50@vwy4t0fu.com
91,UserID182,Michael Anderson,+810618315114,969cxn9gt@lm7940.com
92,UserID184,Sophia Miller,+813112676200,gsmsy@3sx8k1by.com
93,UserID186,James Anderson,+440818430209,kkgrjyou8r@3d7cfmjde9.com
94,UserID188,Sophia Davis,+617346530162,5iwisos@p25jv8x9ol.com
95,UserID190,Ava Clark,+610884727159,bjf3pou@fw16hb1.com
96,UserID192,James Johnson,+612355136798,65eb4gx@aa3mdwl3l.com
97,UserID194,William Anderson,+818704384745,mzowf1s28@z58qxo.com
98,UserID196,Benjamin Johnson,+491484964709,oxkah@mawmi.com
99,UserID198,Isabella Brown,+496000300982,9bnucx@ptqjpjf.com
100,UserID200,Sophia Anderson,+18910935259,fgl17frr5@erbnbl.com
101,UserID202,Sophia Johnson,+492629409729,zugrfxf@4yqn0.com
102,UserID204,John Johnson,+12909143000,75vj9@9cbi2sr2rv.com
103,UserID206,Emma Miller,+819986865490,k2kwmj7f@w4dikrl0c6.com
104,UserID208,John Anderson,+16957456449,heglzge@mvxr3r3t.com
105,UserID210,Benjamin Davis,+443296012353,ao3pwdfvf@p4azr.com
106,UserID212,Isabella Anderson,+611788457086,0zhxu64g@2ywbz3.com
107,UserID214,William Thomas,+811551676402,6cddf6yg@qogok.com
108,UserID216,Isabella Anderson,+618903195951,8et970@4anxq9lydl.com
109,UserID218,James Davis,+814245779376,fbqgi@k2zabsbpv1.com
110,UserID220,Ava Anderson,+612156841778,oh5b1mc@l4os1jyd.com
111,UserID222,Ava Davis,+611936172535,2d9kkztu@9x7lhfls.com
112,UserID224,Ava Taylor,+499292023496,gm8iecxee6@xf4e4vm.com
113,UserID226,Ava Taylor,+491392390873,6slrrc@6tx9s.com
114,UserID228,James Wilson,+440338717665,op7fs@yd0q6myq.com
115,UserID230,John Miller,+815575734929,n24657i21@w1bnft.com
116,UserID232,John Johnson,+448792913775,6d9e0j@y6drd.com
117,UserID234,James Brown,+619236297444,crosfa@kl1j4.com
118,UserID236,Ava Taylor,+612501849070,quc3olo@o6ga2y.com
119,UserID238,Ava Clark,+819738069798,2173pj5p@jvof2m.com
120,UserID240,Michael Thomas,+810097475651,ysilwa@4ur0s.com
121,UserID242,Olivia Anderson,+19955677413,przxh2458@x5haugxf.com
122,UserID244,William Thomas,+445035701029,8hsgapy@rppq34.com
123,UserID246,James Clark,+612201596422,lt4ydvfe28@zapyj.com
124,UserID248,Olivia Davis,+495615169317,x4ypis54@q8keucnn00.com
125,UserID250,Emma Clark,+812317689379,o0s0vuojf@i3a473mw.com
126,UserID252,Michael Miller,+490459242358,jmkjsz@93wc6ht3l.com
127,UserID254,John Davis,+611474779042,4sbj63p@8f131o.com
128,UserID256,Ava Miller,+449440803280,52zyp3@6n3bw1.com
129,UserID258,Ava Anderson,+442192247008,h9rxpp@t8k8k.com
130,UserID260,Michael Clark,+13817310472,lpbeerrg2@sqq8y2meb.com
131,UserID262,Isabella Smith,+17188427554,j0yaf@kgqnd04.com
132,UserID264,Michael Davis,+15207303138,6tpxpr3ri@yg0fop2lj8.com
133,UserID266,William Anderson,+493267759540,mc9t7a@o0v237f7.com
134,UserID268,Olivia Thomas,+817427626091,wpaccmtgnf@rwstch4.com
135,UserID270,Emma Smith,+496164996958,ac5bd@yu23xi.com
136,UserID272,William Davis,+815341840265,sxgi10vk@lxklkggg.com
137,UserID274,James Davis,+441420431827,z4ndc@rsgttsaz.com
138,UserID276,William Johnson,+15106006115,lhvpf@a72952bzi.com
139,UserID278,William Thomas,+496870470965,7spi5n8q@baormt4.com
140,UserID280,Ava Brown,+611571867893,tzp6zfyb1@yw2u3.com
141,UserID282,James Smith,+818840173080,scm2r@yuvre90bk.com
142,UserID284,Emma Brown,+448805111334,3w77g@sqw50.com
143,UserID286,John Clark,+812379352313,v6miaxefj7@6hfmxr.com
144,UserID288,Isabella Anderson,+442523996619,ulgm8ln@8sec8xl.com
145,UserID290,John Miller,+443094058883,nt7fmu@dec3bx.com
146,UserID292,Emma Brown,+18270434064,bvrxamq@4qwyr.com
147,UserID294,Emma Davis,+449969561429,524sva@laglv8z0j7.com
148,UserID296,James Smith,+15208042853,d5e3p5k0w1@xpaxpyhpe.com
149,UserID298,Emma Smith,+15540909474,mxvwltoedo@4mo2c73k.com
150,UserID300,James Taylor,+493519064556,fszuw@i2ehxss.com
151,UserID302,William Clark,+10183050334,xwajls6av3@f1ggn529.com
152,UserID304,Michael Wilson,+612961574367,961dxg7yo@qz17b2gg.com
153,UserID306,Michael Wilson,+16169109518,qmj60@es1ngf.com
154,UserID308,James Wilson,+441755248869,fbozjmc@girnoi73.com
155,UserID310,Isabella Davis,+614955915225,lhn0u1d0mj@3jybax.com
156,UserID312,Olivia Brown,+612838731135,txcubl1n@gtng6zjw85.com
157,UserID314,Isabella Anderson,+442339552415,ogclj@jw6tfhy.com
158,UserID316,James Smith,+444201657238,wwkvext@rjxh0o.com
159,UserID318,Isabella Anderson,+447568514436,0gc8va1@6o8y0cu.com
160,UserID320,Ava Brown,+12436164301,uuk6x@5lk901lh.com
161,UserID322,John Thomas,+493137299666,gd6g9xg01@598kg4woo.com
162,UserID324,Benjamin Wilson,+449219465141,ac2jwjdpad@5d778oz.com
163,UserID326,Michael Miller,+496925710276,h664i7i4@4k9hzivbd.com
164,UserID328,Sophia Johnson,+813042775068,tiqt0l@t5ef1qjx.com
165,UserID330,Michael Miller,+449281605769,23nsu@vkcifsoq.com
166,UserID332,Benjamin Miller,+15635629056,rb6yk8f0@i60auk.com
167,UserID334,Sophia Wilson,+16946545843,c4qw1he4@xtlukek.com
168,UserID336,Benjamin Davis,+443052282497,k0p559ukqx@pftg97.com
169,UserID338,Benjamin Miller,+443627340496,eforvqd3v@jitewd09j.com
170,UserID340,Isabella Miller,+447265517145,fdoky8b0e@4zes8ok3.com
171,UserID342,Sophia Davis,+443130997568,8kkfqi@tz2ng.com
172,UserID344,Sophia Smith,+817490953361,0wabsc7@lxkwlq.com
173,UserID346,Emma Clark,+810778614308,jsa639w6@bbhe14w4d.com
174,UserID348,Ava Davis,+449303335279,c5x670@5piz4pdupv.com
175,UserID350,Emma Thomas,+447032542465,8guozgu0zg@kvfvfau34k.com
176,UserID352,Olivia Clark,+814339988755,thksoqkl@9opd844.com
177,UserID354,Michael Davis,+10383072883,76aok8bb@p2krzal0e.com
178,UserID356,Sophia Smith,+810601699876,133zsz16j@upccxv19ir.com
179,UserID358,Olivia Brown,+615849039240,at5xwdi80@uk6ny.com
180,UserID360,Olivia Johnson,+813741052824,61fv3es@zfcq4f6ggv.com
181,UserID362,Isabella Thomas,+497416182450,p9nz6f@hd9gi6.com
182,UserID364,Sophia Anderson,+447204534854,0j62mwq0@13cmqjpdy.com
183,UserID366,Olivia Johnson,+493384228062,zg5nezg@5q7os.com
184,UserID368,John Brown,+19254086932,ib524mexoc@zzbuf17a.com
185,UserID370,Emma Wilson,+611981058649,8nh7zw63b@h00pyw.com
186,UserID372,Michael Anderson,+814074753341,zq89j0u9u@xz931xtx2v.com
187,UserID374,Sophia Johnson,+493689437124,m4073e9@yq16efi.com
188,UserID376,Sophia Taylor,+16707893366,tqn92uyytz@ua8hsq.com
189,UserID378,Olivia Clark,+11107007364,u80e4arhnf@erjor6o9.com
190,UserID380,John Brown,+15876367431,3yp4guj@bo7re.com
191,UserID382,Michael Davis,+815824000916,2o58cr3@4weyup65bv.com
192,UserID384,John Wilson,+614363801996,00ijqse4j@9mdv1czl7f.com
193,UserID386,John Wilson,+816389798083,rnlw7@ej942xxuas.com
194,UserID388,Isabella Thomas,+445932462920,s7jsrkbh2@8nvi1r.com
195,UserID390,Benjamin Thomas,+491233695721,yatvejcg4b@n4gts.com
196,UserID392,Michael Johnson,+440440400663,1txlb@7cog9kaml.com
197,UserID394,Sophia Taylor,+443719428499,9xci1@tvzbd.com
198,UserID396,John Smith,+616244576910,xa0smz@n1f58m5s.com
199,UserID398,Michael Brown,+12281483426,6ukl0j@tjlq9tt9om.com
200,UserID400,Ava Brown,+444652585776,ftv1u0@xpxf92wfl.com
201,UserID402,Olivia Brown,+11465861626,g0571@qhjdo1.com
202,UserID404,Michael Anderson,+610025627464,0rcyo2@czuf3fjke.com
203,UserID406,John Brown,+492496741562,lpzfradu@cjojvmgvtp.com
204,UserID408,James Smith,+19368612597,rwnec9k@cxbdpc.com
205,UserID410,Olivia Brown,+814214314543,arr319ug@lden68pc.com
206,UserID412,William Taylor,+810269278707,du5uadaf@vtqibp.com
207,UserID414,Olivia Clark,+441494304358,iey29@4j8bwvj.com
208,UserID416,Olivia Miller,+449217272228,jle0ih4x@3tnid0efcj.com
209,UserID418,Benjamin Clark,+441214636051,18kq283b@g16h3.com
210,UserID420,James Wilson,+440604270769,6cxt12@pvzjq5i8.com
211,UserID422,Sophia Davis,+816639789918,6ybam@oq79vzw7zd.com
212,UserID424,Olivia Thomas,+494640284630,y9g7ty@yjd3ac.com
213,UserID426,Ava Clark,+491798123126,8pvkdk3@t5s4mi.com
214,UserID428,James Davis,+499413578051,dsp52osgf4@e9huodnqu.com
215,UserID430,Michael Smith,+14075674150,bx9blymm8@n3h5v3nx.com
216,UserID432,John Thomas,+493891086818,4c9zmefhx4@auorqx4kw.com
217,UserID434,Michael Taylor,+816612020650,bgxs82rphc@1atmr14.com
218,UserID436,Olivia Miller,+448046355091,v5582@o7swtw4.com
219,UserID438,William Miller,+446737326325,hwdn0i@jvaz0og.com
220,UserID440,John Brown,+19487822076,oamlik0as9@19f8w5nf6c.com
221,UserID442,William Anderson,+612414947869,0w357@ztjrktbni.com
222,UserID444,Benjamin Miller,+499076459807,33wirla@v2e7sxl9yn.com
223,UserID446,Isabella Taylor,+811525987743,3nzj1no8a4@213ea.com
224,UserID448,Benjamin Anderson,+10829906003,fch4riom@l5jtm4w0mf.com
225,UserID450,Olivia Thomas,+17860872396,ywgo5hv@u3o6i.com
226,UserID452,Ava Smith,+819874971589,nondarvmq@fd2wr4n34.com
227,UserID454,Sophia Anderson,+10630134749,jnexj6l@ovr0v.com
228,UserID456,James Wilson,+12075054339,qbtc5fm@ci7fb.com
229,UserID458,Ava Davis,+499208369023,ftd7smtw@xf0bn94xy5.com
230,UserID460,Ava Johnson,+443538830604,dhndd7x6b@x59flunwh.com
231,UserID462,James Anderson,+495905605108,c87q9kec@e6x8wf6r15.com
232,UserID464,William Davis,+19320071929,7xcnu69@bkk0avk4.com
233,UserID466,John Wilson,+816937921914,mr5r4l@om5jj.com
234,UserID468,Ava Miller,+15060567205,84k20@yc5t4m.com
235,UserID470,Isabella Smith,+817775628722,7xcgzqj0v@rayusot.com
236,UserID472,Benjamin Thomas,+616755093294,025bw2rts@bvsakhc1f9.com
237,UserID474,John Smith,+817510567206,5uiyb2@j5qt36s.com
238,UserID476,John Brown,+813136787941,4yact@xuzl22.com
239,UserID478,Sophia Smith,+444028359384,0furf5pqud@ssdvanfhn.com
240,UserID480,James Johnson,+499660556737,c8aov0e@132oy8.com
241,UserID482,Michael Wilson,+14342914062,99v552@pjrms.com
242,UserID484,Emma Thomas,+617610467534,x2wdyo8f@qky9or6.com
243,UserID486,Michael Johnson,+499569854860,7hth03@5yzall0.com
244,UserID488,Sophia Wilson,+615947379407,t386h0@m634oe.com
245,UserID490,Olivia Davis,+491117316250,t932i@uhcpja.com
246,UserID492,William Clark,+15975901866,9xpiob1i4@qjt1ks.com
247,UserID494,James Taylor,+616821696807,cf05f@5r58ect.com
248,UserID496,Benjamin Davis,+17081696790,l4u14eac5@w3y3z.com
249,UserID498,John Davis,+611277325539,9zie8ug@6feda.com
250,UserID500,William Anderson,+615733999995,6liojktv0@r7g754mz0x.com
251,UserID502,Benjamin Thomas,+15054440885,rmi83@7x4xo0.com
252,UserID504,Benjamin Wilson,+611804660657,ihlrds@ovnc9jlo.com
253,UserID506,Olivia Johnson,+446508326078,6nksdii9@qhuop.com
254,UserID508,Sophia Johnson,+812634271996,zctm4ayy@koevis6c.com
255,UserID510,Isabella Anderson,+441608823879,0lkpaph@8lb1uqbhpu.com
256,UserID512,Michael Taylor,+448386743715,yrsf7wd6x7@e4eesr9t.com
257,UserID514,John Smith,+818705563816,61fjuug@2k3sbwfv.com
258,UserID516,Isabella Taylor,+19483851323,4mxm6@31ys4l.com
259,UserID518,James Smith,+493624512423,62blvb9dk@3rshju.com
260,UserID520,William Thomas,+613580620413,ylpvr@9czad74k.com
261,UserID522,John Anderson,+496458752936,k34cei9gg@aj94xu8.com
262,UserID524,Ava Smith,+440002424712,jjomd@nzoe3c7g.com
263,UserID526,Sophia Anderson,+497146784897,nj152e@amerin5a.com
264,UserID528,Ava Miller,+11979789769,ijta5u@qh0zywbkhq.com
265,UserID530,Isabella Taylor,+15490866975,3tg8095q@7jytvgntd.com
266,UserID532,Olivia Smith,+493831254465,y5maj417ah@cfhjgrb01l.com
267,UserID534,William Taylor,+447125179381,oq57tc@kp54815.com
268,UserID536,James Johnson,+618953801823,dmh2dn@uf3mhgz5iq.com
269,UserID538,John Thomas,+614960077387,fijjt9xf@4qpivrlll.com
270,UserID540,Isabella Clark,+812734507547,9snnej@5j2jajwqmy.com
271,UserID542,Sophia Clark,+15400350235,v3tg8l7h2w@1slwb3z3g.com
272,UserID544,James Davis,+11978689411,r1bkt@kkoxc7.com
273,UserID546,James Taylor,+498168278826,02y10q@i99t4u.com
274,UserID548,Benjamin Miller,+614795316500,uxt24@npnnnfhxuj.com
275,UserID550,Olivia Miller,+614212886522,mz9ts5cv@wshf84vvlz.com
276,UserID552,Michael Clark,+440159521766,gkxjry3b@7d9xu41mbq.com
277,UserID554,Olivia Davis,+613843084560,7uqij@np627dk3.com
278,UserID556,Michael Miller,+11324655498,6smt8xy63a@m8zwfssde.com
279,UserID558,James Taylor,+492701687315,42k0zc02q@ut835tn1bl.com
280,UserID560,Michael Taylor,+15557924792,q3rff3rz90@pnqjx6qma.com
281,UserID562,Sophia Taylor,+615508774877,a3xsx@dzuvma6.com
282,UserID564,Benjamin Johnson,+448408649086,tlr6c@amd61ob0cr.com
283,UserID566,Isabella Brown,+819955374286,qdqnabax@48rhddp0z2.com
284,UserID568,William Taylor,+613614296015,e7abmtcp49@m14bvy3ha.com
285,UserID570,Ava Wilson,+614719035141,4dnrhaqqt@2fudhwik.com
286,UserID572,James Smith,+493896480538,qo33tgqcb@8lv2skmf8x.com
287,UserID574,Benjamin Smith,+611999590118,2blpyp@ohu9dm.com
288,UserID576,Benjamin Smith,+441631819469,ulpc27@fe266tg.com
289,UserID578,Benjamin Smith,+812146222066,4mubuqilb@361inhncz.com
290,UserID580,William Davis,+816778930689,ic5ucqtw2@vqp6io.com
291,UserID582,Olivia Johnson,+817511072802,oxizv01glb@dhgrnaotc.com
292,UserID584,John Taylor,+814936637438,x0r6v@91o3day7.com
293,UserID586,Olivia Davis,+13978752693,tqtfnpa4@nh6upvanxt.com
294,UserID588,Ava Johnson,+14693411847,f9fnex@wdu3j2q.com
295,UserID590,Sophia Miller,+447975466587,8936hdmaw5@twpirkswz4.com
296,UserID592,Emma Miller,+494566644829,pyahfon@azi2w.com
297,UserID594,James Smith,+10045739321,j9901kew@mcken.com
298,UserID596,Michael Miller,+14385796376,nmv37264@389elu.com
299,UserID598,Michael Anderson,+14117264016,bug9r4s9@z51nkn1.com
