,comment,toxic
0,"Это чтобы тебе легче было
",0.0
1,"Ты пиздабол, Стас не работал никогда ни с каким диктором. Это на 100 проц другой человек, ебаклак
",5.0
2,"УВАЖАЕМЫЕ ПОДСЛЕДСТВЕННЫЕ, ПОЖАЛУЙСТА, ВЕДИТЕ СЕБЯ КУЛЬТУРНО НА ПЫТКАХ! ПРОСИМ ВАС НЕ ОРАТЬ СЛИШКОМ ГРОМКО, ПОБЕРЕГИТЕ СВОИ ГОЛОСОВЫЕ СВЯЗКИ ВЕДИТЕ СЕБЯ ДОСТОЙНО И МУЖЕСТВЕННО, БЕРИТЕ ПРИМЕР СО СВЯТЫХ СТРАСТОТЕРПЦЕВ БОРИСА И ГЛЕБА НЕПРОИЗВОЛЬНАЯ ДЕФЕКАЦИЯ И МОЧЕИСПУСКАНИЕ З А П Р Е Щ А Е Т С Я, ШТРАФ - УБОРКА ЯЗЫКОМ НЕ СТЕСНЯЙТЕСЬ ПОДПИСЫВАТЬ ВСЕ, ЧТО ВАМ ПРЕДЛОЖАТ, ПОМНИТЕ, ЧТО ВЫ ТОЛЬКО ОТТЯГИВАЕТЕ НЕИЗБЕЖНОЕ, НАШИ ПАЛАЧИ ПРИЗНАНЫ ДИПЛОМИРОВАННЫМИ СПЕЦИАЛИСТАМИ ВО ВСЕМ МИРЕ! С УВАЖЕНИЕМ, АДМИНИСТРАЦИЯ.
",6.0
3,"Ты блять кто? И почему решил, что мне нужно твое мнение?
",5.0
4,"Обиделся? Не плачь, я же любя и по-дружески.
",0.0
5,"Вот Франция сотни десятки тысяч людей митингуют, большие потери при пресечении, а результат? Нулевой пока что. Охренненно: 7 января 2019 года на Радио классик Люк Ферри, бывший министр по делам молодежи и образования, философ, призвал стрелять по желтым жилетам и задействовать армию. Фрас суар 9.01.2019 Реакция властей: 12 февраля 2019 года премьер-министр Филипп, отвечая на вопросы депутатов Национального собрания, сообщил, что за всё время протестов с ноября 2018 года осуждены за различные правонарушения в ходе выступлений 1796 участников движения, 1422 ожидают приговора. Выданы ордера на арест (mandat de d p t) 316 человек, против более 1300 человек применена немедленная доставка в суд (comparution imm diate). 13 человек привлечены к расследованию (mise en examen) за вандальные действия в отношении Триумфальной арки 1 декабря 2018 года, ещё пятеро за поджог в тот же день полицейской префектуры в Ле-Пюи-ан-Веле. 11 февраля суд Безье приговорил одного человека к году тюремного заключения за создание препятствий движению, хищение турникетов и порчу оборудования на контрольном пункте платной автострады А9 в период между 2 и 4 февраля 2019 года 35 . 13 февраля 2019 года бывший боксёр Кристоф Деттингер приговорён исправительным судом Парижа к одному году ограничения свободы за нападение на двоих жандармов на мосту Леопольда Седара Сенгора в ходе акции жёлтых жилетов 5 января 36 . 15 февраля 2019 года один из харизматичных лидеров движения, водитель грузовика Эрик Друэ, приговорён исправительным судом Парижа к одному месяцу тюремного заключения условно и 500 евро штрафа за организацию манифестаций без предварительного уведомления (organisation de manifestations sans d claration pr alable) 37 . Короче у нас бы наверное меньше осудили, чем у них )
",0.0
6,"Хуй пойми за что тебя минусуют. Я ищу вот такую девушку - Да как ты посмел нам указывать, ко-ко-ко, это мои интересы . Что-то странная хуета: высказываешь свою позицию, оказывается ты угнетаешь девушек и вообще должен заткнуться и засунуть своё мнение в задницу.
",0.0
7,"Осторожней на сверхманёврах. В предыдущей методичке у вас было написано, что добрые арабы никогда ни с кем не воевали, только торговали пряностями, лел. Шапочку из фольги сними
",5.0
8,"vladtime Сука, что у тебя в голове?
",5.0
9,"Помню его пожалуй с 50 к подписоты, вроде как то так. Снимал простенько, без вебки, т.е ебалом не светил т было уже норм. Играл в простенькие игры, по типу майна. Самое последнее адекватное видео - было поздравительное на 300к подрисчиков, чем-то интересным чтоль веялом, тогда на тытубе не было подобных форматов аля скетчи-влоги, уже не вспомню ну, а дальше пошел полнейший тренд ец, светило ебалом, какие то скетчи со смехуечками естестна не смешными для дерградантов , кривляние. Вообщем, тащемта полная херня, а как увидел что на n-миллионов подрисчиков он устроил какой-то скучный стрим, то нахер отписался и дизу поставил.
",6.0
10,"Как у сраных ватников жопы горят, любо смотреть)
",4.0
11,"В маках есть кнопки. Только агрессивному быдлу обычно плевать на них, пока его мордой в пол не уложат.
",6.0
12,"Под видео есть ссылка на статью, почитайте. Так как дружу с семьей, где 6 детей на домашнем обучении, не верю, что всё дело в школе. Также в статье приведены факты относительно края, где все происходит, может быть совпадение, может быть притянуто за уши. НО факт есть факт.
",0.0
13,"почему ваши посты так яро заминусованы?
",0.0
14,"Туберкулез убивает - Спасибо поржал. Туберкулез у скольки? у одного-двух процентов. А у скольки присутствующих Прокрастинация??? - но она же никого не убивает, я вот сейчас коммент допишу, и с завтрашнего дня начну..... Одноклеточные умнее нас.
",6.0
15,"ррряяяяя! Пшла нахуй в свой петушиный загон, вахтёропидарашка.
",1.0
16,"В любом тоталитарном государстве, основой является удержание власти лидером государства в течение максимального срока, в начале прикрываясь законодательством, затем меняя его под предлогом чаяния народных масс. Впоследствии деформированное законодательство вместе с раскрученным маховиком надуманных статей начинает крушить всех, порой и своих же создателей. Маниакальное стремление оставаться у власти и панический страх созревания заговора среди недовольных соратников побуждало Сталина убирать всех мало-мальски авторитетных и думающих людей во власти, как потенциальных конкурентов. Рядом оставались только лизоблюды, вилявшие задницей и угодливо заглядывающие в глаза вождю, даже когда сажали и убивали членов их семей. Таких примеров тысячи, а созданный комбайн репрессий косил всех без разбора, кто то из соратников вождя успел убежать из страны, иные остались, веря в то что их авторитет и заслуги перед родиной защитят от кары, но просчитались и те и другие. Мой прадед, священник мелкой церкви после закрытия её коммунистами, ходил по домам по просьбе верующих, крестил причащал и тд. Его арестовали по 58 статье: агитация против советской власти и расстреляли через 4 дня. Семья долгие годы надеялась, что он сидит в тюрьме, как им лгали в НКВД. Какую реальную опасность представлял он для советской власти в 37 году? Понятно, что человека убили просто для отчета, дабы отрапортовать в верхах, что работа по выявлению врагов ведется успешно и враги есть. Впоследствии система отомстила и усатому , когда он пролежал в луже мочи без помощи несколько часов, а его соратники по партии то ли из страха, то ли по другим причинам не интересовались его долгим отсутствием. Так же закончил и Хрущов, вначале плясавший гопака на пьянках по прихоти Сталина, потом решив расквитаться за все унижения докладом на ХХ съезде. Верхушка, побоявшись возникновения нового диктатора по-тихому убрала его, пока он не набрал авторитета. Извиняться за репрессии конечно ни перед кем не стали, сказали, что просто ошибка вышла, с кем не бывает! На Партию не обижаются!(популярная фраза в то время). В демократических государствах облажавшемуся правительству дают под сраку, иногда даже судят и наказывают. В странах с диктатурой, запуганный народ приходит с флагами и хоругвями на площади и славит существующую власть, потом на кухнях по-традиции пьют водку и жалуются друг-другу. Тех, кто пытается открыть рот, называют пидорасами и публично высмеивают, если они продолжают выёбываться, то существует множество законных способов успокоить поциента, надолго закрыв его по статье. Статей много и судьи понятливые.
",0.0
17,"Конечно в стиле Ванги.... 1. Вы не любите себя и ваши предложения дружбы воспринимаются как просьбы подружить с вами. 2. Унылое ебало, воспринимается как болезнь на подсознании. Типа беги от больного... 3. Все стремятся дружить с людьми знакомством с которыми можно похвастаться, я не говорю про тру друзей, а вот в приятелях все стремятся выбрать интересных людей. рецепт: одеваешься максимально красиво и идёшь на мероприятие которое постоянно откладывала. И самое главное, получаешь удовольствие от новых впечатлений с ощущением, мне похуй на ваше отношение. Люди подтянуться, всегда подтягиваются, когда они вам не нужны. p.s. а за дружбу я хз, это как любовь, либо везёт либо нет
",0.0
18,"Типичный новиопский даун. А хохол без вышиванки для тебя не хохол, а узбек без тюбетейки не узбек?
",1.0
19,"В очередной раз убеждаюсь, что двачеры редкостные говноеды и хуесосы. Ладно там гоблин скурвился, ватанскую дичь уже давно несёт, но блять евген один из немногих блоггеров за которым нет явных грешков и провалов. Но блять сосачерам неприятна что он за совок топит, вот в чём причина , бугурта здесь многих. ПРОКЛЯТЫЙ САВВОК АРРЯ ГРЯЗНОШТАННИКИ ПИДАРАСЫ АРРЯ. Какой же дегенерат стандартный двачер, ты даже не человек блять, ебаный биомусор, неспособный понять обзорчик с ютуба. Способен только бомбить с абсолютно непонятных вещей, который видишь только ты, будь то злые коммуняки или пидарахи. Весь тред скатили не в обсуждение его лучших работ и скандалов, в том что евген блять КОММУНЯКА уххх печёт. Действительно, придерживался бы современных взглядов креативной молодёжи и был бы популярен как светов или сисян. но стоит отдать должое, у сисяна тоже ролики годные Видимо евген действительно знает что делает, раз его деятельность так подрывает дегенератов с нулевой. Охуенно
",4.0
20,"Всегда считал пьющих биомусором
",6.0
21,"Не все муслимы террористы, но все террористы - муслимы (до недавнего времени)
",0.0
22,"в писанине указано, что Ссаколов реально не упоминал, и никто не упоминал о невлиянии блокады и о намерении Алекса с 1801 г. разъебать Боню И ни слова о статьсях в журнале Наполеон . А ведь могли бы упомянуть, что и там ничего нет (если там действительно ничего не было). и показано даже, что Ссаколов считал иначе Если ты об Армии Наполеона , и упоре на Испанскую войну , то если посмотреть текст полностью, то там речь идёт о причинах участия в Наполеоновских войнах вообще, а не только о событиях после начала войны в Испании. У нас нет возможности анализировать здесь весь сложный спектр русско-французских отношений в 1809-1812 гг., однако необходимо отметить, что именно война в Испании, сделавшая окончательно непримиримым британский кабинет и спровоцировавшая войну 1809 г., во многом повлияла на позицию Александра I по отношению к Наполеону. Известно, что царь испытывал неприязнь к коронованному солдату, славе которого завидовал черной завистью. Война отца Александра, Императора Павла I, против Франции Директории еще полностью вписывалась в линию войн монархических государств против революционной заразы. Более того, Император-рыцарь выступал как самый искренний и последовательный проводник этой линии. Поняв, что английским и австрийским кабинетами руководят больше корыстные соображения, чем стремление спасти монархические принципы, Павел вышел из игры, не позволив проливать более кровь русских солдат за чуждые стране интересы. Напротив, Александр сражался во имя очень странных принципов, далеких от интересов русского народа и даже русской монархии. Нам кажется, никто не смог так точно сформулировать мотивы его поведения, как выдающийся русский историк Николай Иванович Ульянов: В исторической литературе давно отмечен фанатизм этой загадочной ненависти и существует немало попыток ее объяснения. Самое неудачное то, которое исходит из экономических и политических интересов России. У России не было реальных поводов для участия в наполеоновских войнах . Европейская драка ее не касалась, а у Наполеона не было причин завоевывать Россию. Веди себя спокойно, занимайся собственными делами, никто бы ее пальцем не тронул. Не более убедительна и другая точка зрения, объясняющая войны России с Директорией и бонапартистской Францией реакционными склонностями русских царей. Только война Павла I могла бы подойти под такое толкование, да и то с трудом. Александр же меньше всех походил на борца с революционной заразой, он еще до вступления на престол поражал иностранцев негодующими речами против деспотизма и преклонением перед идеями свободы, закона и справедливости. Конечно, цена его либерализму известна, и вряд ли приходится возражать тем историкам, которые считали его маской, но такая маска годится для чего угодно, только не для борьбы с революцией. Гораздо вернее, что у него не было никаких принципов и убеждений . Роковая война в далекой Испании, где погибал цвет наполеоновской армии, дала надежду Александру взять реванш за Аустерлицкий разгром, поражение под Фридландом и Тильзитский мир. Поэтому без контраргументов со стороны Ссаколова Юписанина все же выглядит откровенно слабой. И теперь понятно, почему суд не принял её к сведению и вряд ли примет в ходе апелляционного процесса так что Ссаколова посодют. Свежо предание... Да, потом ещё нашли текст полностью и оказалось, что Чудинов хвалит Подмазо за то, что тот опроверг все измышления Ебжена.
",6.0
23,"Потому что приятно внимание, а не сам подарок. Поэтому когда баба: 1) ничего не дарит - значит забыла, бездушная тварь; 2) дарит интересный подарок - забыла, что я просил этого не делать, безразличная тварь; 3) дарит клише - забыла, что я вообще не бреюсь, плевать на меня хотела, тварь.
",6.0
24,"Ты, бля, не мороси, служил, али как?
",5.0
25,"Конечно, вы же собак ебете, блядь.
",1.0
26,"Я атеист и армянин. Просто рот твой ебал Лучше пусть чурки будут жидов резать, чем жиды вешать лапшу на уши
",1.0
27,"Депутат? Перелогинься!
",0.0
28,"как проверить? где Вы возьмёте генетический материал? пошлёте детектива соску воровать?
",6.0
29,"Пиздец у тебя чувство юмора, конечно...
",5.0
30,"Интересно, в чем это я на тебя похож?! И да, не обольщайся, ты мне не бро)
",5.0
31,"Из обсуждения в интернете чей Крым, ничего не решится, просто очередной диванный срач, зачем это? Тут я захожу про бабулек мошеников в банке в сговоре с сотовыми операторами читать, а вы блять со своей политикой, мне пох чей Крым! Это только Крымчан волнует, мне от того что Крым Украинский или России не жарко и не холодно.
",0.0
32,"Ты кому рассказываешь, теоретик? Я лично бил в ебычи людям, которых искренне боялся. Ты просто решаешь что позор хуже пиздюлей и твердо намерен запиздить оппонента, грызть зубами.
",5.0
33,"Для вашего же душевного покоя. Чтоб соцыки не мучили.
",0.0
34,"У хомо овцеебус вообще мозги иначе устроены, чем у нормальных людей. Объяснять что-либо им бесполезно.
",1.0
35,"как же любят чуркобесы свои автопортреты всюду лепить...
",1.0
36,"А ты во всех постах будешь спамить этой гифкой?
",0.0
37,"Хахаха. Автор пукнул мозгом... Продолжительные аплодисменты...
",5.0
38,"У вас в слове странные буква т лишняя)
",0.0
39,"Погуглил: В начале 90-х развитие жестких дисков ускорилось в результате бума на ПК. IBM первую гигабайтную модель HDD вывел на рынок уже в 1991 году. Это была модель 0663 Corsair 3,5-дюймовая конструкция с 8 дисками. Год спустя компания Seagate представила диск емкостью 2,1 ГБ с дисками, вращающимися со скоростью 7200 оборотов в минуту.
",0.0
40,"конечно из секты! Ведь в россии все прет - рубль растет, цены на товары снижаются, качество медицины улучшается, ну и т.д. А этот дурак, понимаешь, говорит, что в россии все плохо - ну сумасшедший, точно свидетель какой-то секты
",4.0
41,"А у тебя писечка поперек, или это только от мамы передаться может?
",5.0
42,"Что, девочка, боишься больше модераторов звать? Исчерпал свой лимит?
",5.0
43,"Почему ты отвечаешь мне? У тебя что пердак нибамбит что ли?
",5.0
44,"В общем земля тебе пухом братишка, печально что люди с таким хуёвым воспитанием населяют эту планету. быдловатый, сапожный словарный запас. Ну это и ясно, по тебе видно что ты вчера из пещеры вылез, не в обиду, но это выглядит так. Надеюсь что ты прсто троль, иначе просто не представляю как это возможно. Нас негры снежками называют и чё? ты хотя бы раз в жизни черного видел ? Или по репортажам знаком с ними ? Если у индусов зелёный цвет кожи такими я их вижу, я же не называю их помощниками несмотря на то, что вся страна огромная, грязная, вонючая свалка и им бы вполне подошло. У тебя видимо проблемы с глазами. Я никогда не видел зеленых индусов. Нигеры реально на солнышке подпеклись, но если из духовки достанешь, а сверху чёрное значит подгорело от того и обгорелые. Просто фейспалм, советую не курить спайс. Про косых и говорить нечего там на лице всё написано. Косого ты в зеркале увидишь )
",5.0
45,"Надеюсь кобре вырвали зубы. Иначе родители дебилы!
",0.0
46,"Как раз потому и удалили потому что это полное позорище.
",6.0
47,"Это ты на воле такой дерзкий. На тюрьме ты либо с Ворами либо с мусарами.
",6.0
48,"почему ты простое хамло называешь художником?
",5.0
49,"Вы вот смеетесь, а что будет, когда у нас эти смешные хохлы закончатся?
",1.0
50,"В Сирии развязали войну? Шта? Ты в курсе когда там начался конфликт? На Украине? То есть по твоему пришли русские и давай бомбить мирное население Донецка? В ЦАР? В ЦАР то блять КАК вообще мы могли там что то начать. Там вечные гражданские войны. Что в голове у тебя, юноша? Кто туда жиденько насрал?
",4.0
51,"стрелять в орущее быдло
",6.0
52,"Ну так давай паспорт, пруфы или уебывай нахуй демагог хуев.
",5.0
53,"вне зависимости от того, что ты высрешь, это не поменяет того факта, что какой-то петух из белгородской деревни зашибает в месяц в два, а то и три раза больше, чем твой алкаш-отец и шлюха-мать, а ты и дальше будешь сидеть и нахуй никому не нужный сосать хуй, а ему присылать донаты, омегалул
",5.0
54,"32192293 Жизнь на Украине - это бессрочное всеобщее соревнование по терпению и поеданию говна. Ввели новые законы, повысили тарифы в тысячу раз, разрушили всю промышленность, сделали самой нищей страной европы, проебали три региона, а ты ещё держишься-терпишь, ведь ты патриот, у тебя есть гимн, флаг, вышиванка, и от этого ощущаешь гордость. Гордость за то что выдержал, не сломался, пережил зиму, вот Тарас не смог терпеть, эмигрировал - значит сломался, да и вообще он сепар и маскаль, а я всё ещё держусь, да холодно, да не мылся неделю, но я патриот, так как я сильнее. Микола оказался здоровьем слаб - размазня, так ему и надо, он и на майдане как то вяло скакал, а я терплю, я патриот. Человек может приспособиться ко всему, те кто не выдерживает - просто слабые духом, они не патриоты, они проиграли.
",1.0
55,"Скажи, ты в развитии отстаешь или что? Скорее всего да, где блядь речь о запретах? Делай ты нахуй что хочешь, не надо фантазировать насчёт функционала, не менялся он и не меняется и речь об инстаграме где именно хештег коверкают как могут. В игнор, желания твои убогие фантазии читать больше нет. Напиши в поддержку ник смени, не позорь игру.
",5.0
56,"Знаешь почему тебе 76? Потому, что мудаки и на том свете никому не нужны.
",5.0
57,"Заебись. Тебе в любой теме пиздануть такое надо?
",5.0
58,"хотят завезти Епта, они и так приезжают. И даже больше. Ну, даст им вова паспорт в упрощенном порядке - что для тебя изменится? Ты что, у чурок паспорт спрашиваешь?
",1.0
59,"А от вони, крыс и тараканов тебя не трясет? А то что оставляют пакеты, так это соседи свиньи ебаные. Завари им дверь, пусть дома сидят, умирают.
",6.0
60,"Посоны доставьте вебмку KAKIEI GHEI HOOUULYY GEGENIRATY она тут просто необходима. Этим нерабам пять лет назад срали про рашку-порашку, вроде как раз перед выборами ебнулись своими пятаками об дно, и понятно, что не рашка виновата, что у власти сидят свиньи, что страну разворовывают больше те, кто орет про зраду. Но ЧУ! появился новый кандидат, который победит на выборах, и что же он говорит? ТО ЖЕ САМОЕ ЧТО И ЕГО ТЕКУЩИЙ ХОЗЯИН 5 ЛЕТ НАЗАД
",1.0
61,"Ну ты красава, чесслово... Чо так возбудился то, в штыковую ходил? Ну не служил, чичас таких полно, это не диагноз...
",0.0
62,"Наш мозг может распознавать слова с перемешанным набором букв По рзеузльаттам илссоевадний одонго анлигсйокго унвиертисета, не иеемт занчнеия, в каокм проякде рсапжоолены бкувы в солве. Галовне, чотбы преавя и пслонедяя бквуы блыи на мсете. осатьлыне бкувы мгоут селдовтаь в плоонм бсепордяке, все-рвано ткест чтаитсея без побрелм. Пичрионй эгото ялвятеся то, что мы не чиаетм кдаужю бкуву по отдльенотси, а все солво цлиеком. Но читать такое не всегда комфортно, в особенности когда не правильно пишут имена, пытаясь видимо блеснуть интеллектом или показать свое отношение к персоне. Хз, пусть даже человек этим письмом спасет мир, но если там будет что-то типа Петорпы Рошенка, Уткин Хуйло и т.д. , то это однозначно быдло и дизлайк.
",6.0
63,"Вот и я удивился. А Ваши посты всегда радуют глаз, как можно пропустить...
",0.0
64,"Эти облака - розовая вата. Федот
",0.0
65,"РУСНЯ СЪЕБАЛИ С ТРЕДА, ЭТО ВАС НЕ КАСАЕТСЯ ALGA QAZAQSTAN!
",1.0
66,"Антисоветских достаточно. И вы так говорите, как будто это что-то плохое. Слава богу, ваш проклятый совок закончился. Сейчас ваш хозяин ворошит эту тему вашими руками, но второй совок ему не построить. И либеральных тоже. Да, я либерал, по-вашему - либераст (как будто ваши инвективные искажения слов исказят их смысл, надейтесь дальше). Я рожден свободным. Кто-то выбирает лизание сапог хозяину, это их право, тоже вариант свободы. Что же касается русофобии - это просто ваша манипуляция. Безграничная любовь к начальству, поклонение жестоким демиургам туманного прошлого, боязнь свободы и привычка к стойлу и узде - это не обязательные черты русского характера, и если они кому-то не присущи - не обязательно это русофоб.
",4.0
67,"внучатый племянник ты это когда твоего прямого дедушки брат, вот ему ты внучатый племянник.
",0.0
68,"Быдлу вообще запрещено рассуждать, оно должно отработать на боярина и здохнуть чуток не дожив до пенсии. Все эти наркотики шмаркотики, даллары игрушка дьявола, только Бояре богом поставленные чиновники могут с этим совладать, да детишки ихы едут в эти ваши калифорнии и фхранции с галандиями чтобы свет руссского мира нести, неразумным пидарасам.
",4.0
69,"Нет, пожалуй, отвечу развернутее. Представь, что тебя ограбили. Ты идешь в частную полицию, выкладываешь бабки на стол, говоришь о случившемся. Полицаи по мере своих сил расследуют инцидент. Они дают тебе список потенциальных преступников, вероятнее всего, из одного человека. Ты приходишь к человеку, говоришь, так и так, чувак, я тебя подозреваю, хочу судиться. Если он тоже хочет судиться, то он идет с тобой в выбранный вами обоими суд. Если не хочет, то ты обращаешься в суд со своей доказательной базой, он приходит к человеку и обращается с подобной фразой: вы, гражданин такой-то такой-то, обвиняетесь по тому-то тому-то. Пройдите с нами в зал суда для разбирательств, или мы, согласно статье такой-то такой-то действующего законодательства имеем право вас наказать. Если человек соглашается, то вы судитесь. Если он виновен, то ему назначается наказание и он оплачивает издержки суда, если нет, то ты оплачиваешь издержки суда и идешь искать преступника дальше силами частной полиции. Звучит пиздец как плохо, да? Ну так вот, РЫНОЧЕК ПОРЕШАЕТ так, чтобы все работало куда эффективнее. Вместо хождения по частным полицейским бюро ты, скорее всего, возьмешь у одного или нескольких из них страховку на случай примененных в твою сторону правонарушений. Для них профит в том, что они будут стабильно получать от тебя бабки, для тебя - в том, что ты можешь спать спокойно. Сами частные полицаи уже заключают контракты с судами, чтобы избежать анальной ебли с твоим хождением туда-сюда, взамен они сами ходят по предполагаемым преступникам и предлагают им пройти судиться. На самом рынке останутся наиболее эффективные суды и полицаи, потому что неэффективным никто не захочет заносить бабки. Остается вопрос: в чем тебе профит ходить в суд, если ты в жизни и мухи не обидел, кроме избежания наказания, которого ты и не заслуживаешь? И даже это порешает рыночек, потому что, очевидно, суды, которые компенсируют или даже поощряют тебя за то, чтобы ты к ним ходил, даже если ты невиновен, будут выглядеть более привлекательно. Надеюсь, на вопрос я ответил. К слову, продажные суды не будут популярны как раз из-за своей продажности, потому что выгоду от этого получает только искодатель, и то только тогда, когда дает иск ни за что. А государство из судов не вырастет как раз потому, что сами суды не будут обладать оружием, им будут обладать полицаи. Ну и конкуренция, опять же. Апелляции подавать в высшие суды, которые будут работать по тем же принципам.
",0.0
70,"Тупые хуесосы с двача продолжают детонировать от упоминаний о совке в последнем обзоре. Найс. Хуесосы видят то, то что хотят видеть хотя политическая составляющая в последнем обзоре была упомянута вскользь В то время когда Евген упрекает создателей в откровенно хуёвом дубляже, откровенно хуёвой актёрской игре, в откровенно хуёвом повествовании и криво написанном сценарии ну про первоисточник я и говорить ничего не хочу, если хотите посмотреть хорошую российскую экранизацию, то посмотрите Поколение П от Гинзбурга, который был без поддержки фонда кино и прочтите Пелевина и сразу всё поймёте, как это уровень, до которого Черновику, как до Китая раком В обзоре Бэд уже плюёт и на расхождение сюжета фильма с книгой и начинает кидать совершенно обоснованные предъявы создателям не смотря на первоисточник. Тут блять и обсуждать нечего и доказывать анонам ничего не надо, нормальный двачер поймёт, что хотел бэд в обзоре донести, а тупой хуесос увидит как всегда грязноштанника пидорашку совочек либераху ил кого там ещё, что обычно существует в его манямире. Обзор действительно годный относительно прошлого что в плане сюжета, что в плане декораций, эффектов и съёмок - Женя продолжает расти. Зы. Лично я проиграл как минимум раза 4 за весь обзор, годные моменты есть.
",4.0
71,"Нахуй этого неадеквата.
",5.0
72,"Какой гейт отъехал? Текст автора внимательно читаем и не тупим
",0.0
73,"Тамбовская духовка тебе кулички!
",5.0
74,"Не парься, я когда аналогичный пост про кресло запилил, целый час писал, мне сказали збс реклама и пост набрал около 10 плюсов. Но там был не сраный ремешок, а почти целое кресло за 20 тысяч, и три доставки. Так что если ты, как и я, хотел выразить благодарность выведя пост в горячее - у тебя получилось. А то название напишешь, так сразу какой-то умалишенный модера позовет. Не напишешь - скажут ребусы. Забей на них )
",6.0
75,"Просто сложно представить себе производство на котором обычные работяги приходят на час позже и уходят на столько же раньше, без потерь для предприятия. За это собственно у работяги обычно и почасовая оплата, офисники же все в основном на окладе.
",0.0
76,"тебе таблетки тоже не помогают?
",5.0
77,"Шизики, вот вам ещё для подогрева пердаков.
",6.0
78,"Еще у нас выявляют трещины с помощью белой краски и магнитной краски, потом прислоняют большой магнит и трещины проявляются. Не знаю как этот метод называется, у нас швы труб до 300мм им проверяют
",0.0
79,"22 и 407 рассчитаны на разную мощность компрессора: 407 требует 42 бар, а 22-му достаточно 26. Так же, скорее всего и с фреонами для холодильника.
",0.0
80,"У вас проблема с тем, что вы говорите бог, а подразумеваете христианство. Говорите атеист, а подразумеваете не христианин. Потому что не представляете, что иначе бывает. Никаких проблем. Я и с мусульманами спорил. И со всякими йогоистами ) Но разница между религиями - настолько незначительна, что даже разбираться ни в чём особо не надо. Вот вы когда последний раз миссионера-еврея видели? Так я и христианина-миссионера не видел. Большинство религий, а уж тем более личных культов и суеверий не включают в себя галочку ты должен обратить неверных . Включают. Пускай и не столь явную. Вон, кришнаиты к себе народ изо всех сил завлекают. Ещё раз, вы катите бочку исключительно на одну определённую церковь и на одно определённое течение, да и то, разбираясь в нём как Мойша в Битлз и подчерпнув знания не иначе как из низкопробных агитплакатов. Это - в чистом виде слепая, ничем не подкреплённая вера, о чём вам и толкуют. Хоть и без примеси мистического чувства, да. Я родился в стране, где превалирует православие - на него, соответственно, бочку и качу. Просто потому, что оно ближе, и большинство моих оппонентов веруют в христа. Но если попадётся индуист, иудей, католик или синтоист - без проблем буду катить бочку и на них. Мусульмане уже попадались - катил. Так что не выдумывайте ерунды. Все религии одинаковы.
",0.0
81,"Ты кнеш остроумный, для такого остроумия нужен острый ум. Давай-ка им воспользуемся, раз уж он у тебя есть. Информация о твоей работе отправляется в пенсионный фонд и в налоговую, по которым легко определить сколько лет ты проработал, а трудовая книжка это рудимент ОП! Мы молодцы, мы это сделали, браво!
",0.0
82,"Делай людям добро - и тебе всегда будет больно и стыдно. Унижай, бей, обманывай - и будешь уважаемым человеком, тебе будут кланяться и звать по имени-отчеству. Что тебе больше нравится - выбирай сам. Выбрал боль и стыд - спасибо, дорогой. Мне меньше достанется.
",0.0
83,"пздц ты крохобор, стоило так позориться? Учитывая что ты покупаешь пуховики в снежной королеве, а не на рынке!
",5.0
84,"которые не могут собраться больше чем в количестве 3 человек так как очко перед товарищем майором жим-жим? Опять у нас далбоёб с РЯЯЯ ПАЧИМУ ИЩО КРЕМЛЬ ШТУРМАМ НИ ВЗЯЛИ ССЫКУНЫ? нарисовался? Что ты лично, охуевший наш, сделал? Хочется сидеть всем на жопе в интернете спокойно, и чтобы кто-то за тебя всё сделал. У нас тут миллионы силовиков с понятным отношением к национализму, а ты тут кукарекаешь про гыгыканье с мемесов . В Российской Империи некоторые меньшинства тупо учили свой родной язык десятилетиями под светом фонаря ночью, потому что выступление было бы самоубийственно и отозвалось бы только смертями лучших людей и ссылками в Сибирь, как было 2 раза с польскими восстаниями. Люди просто ждали своего часа ГОДАМИ, укрепляя базу и готовясь. Жирдяй сделал полезное дело- замутил первый удобоваримый для интеллигентов (а не только для бритоголового пролетариата с германофилией) русский национализм, ставший по-настоящему популярным и обсуждаемым у молодежи. Теперь вот ещё и школота подтягивается через мемы. И ты хочешь всех этих людей швырнуть майору на кукан? Такую хуйню только провокатор может высирать, ящитаю. В нынешних условиях нужно заниматься популяризацией идей, что успешно и происходит. Всё остальное равносильно самоубийственной атаке кучки маняпартизан на государство, которое закончится только гибелью самих партизан или пожизненными сроками для них.
",4.0
85,"Полно таких дебилов, незнающих тему.
",5.0
86,"именно, ты, сука, просто не понимаешь - в нашей семье кто то все время в разездах
",5.0
87,"И ты все такой же даун
",5.0
88,"И СЕЛ НА БУТЫЛКУ РУСАК ПРОСНУВШИСЬ В ЧЕЧЕНСКОМ ПЛЕНУ ИЗВИНИТСЯ ОН БЫЛ БЫ РАД ДА НЕ ПРОЩАЕТ ГОРЕЦ ЕГО
",1.0
89,"Вы, наверное, из Хабаровска!)
",0.0
90,"Замуж тебе надо барыня...
",0.0
91,"Я не знаю что у тебя. Сходи к врачу, если сомневаешься.
",0.0
92,"Ты понимаешь что ты шизоид?
",5.0
93,"Ну я смотрю - давай, облей меня говном.
",5.0
94,"Именно, что пишут кешбек 1 , а не 1 рубль со 100 рублей. Дальше, да, в пару предложений расписывают, что кешбек на самом деле не 1 . И это как бы совсем не без допусловий Ну в повышенных кешбеках у них что-то оверпрайснутое всегда типа , у которых этот кешбек не перекрывает оверпрайс относительно rzd.ru. разве что на первую покупку во вкусвилле был полезен кеш, но повышенный кеш на одну покупку в продуктовом - это прям совсем несерьёзно.
",0.0
95,"Возможно, ты красивая
",0.0
96,"нглийские ученые из Центра исследований свиней SRUC в Мидлотиане используют технологию распознавания лиц для оценки эмоционального состояния свиней, сообщает The Daily Mail. Исследование поддерживается Научно-исследовательским советом по биотехнологиям и биологическим наукам (BBSRC), а также специалистами по точному животноводству. Ученые хотят по выражению морды понимать, всем ли довольна хрюшка и не больна ли она. В дальнейшем на основе этого исследования создадут инструмент, который будет контролировать выражения лиц у свиней и предупреждать фермеров о любых проблемах с их здоровьем. smi2 Горячий чай смертельно опасен Собака ждала хозяев на даче, но они так и не приехали (фото) В российских реках начала ловиться морская рыба Раннее выявление проблем со здоровьем свиней дает фермерам потенциал для улучшения состояния животных, дает возможность быстро решить любые проблемы и применять индивидуальное лечение для отдельных особей , объясняет доктор Эмма Бакстер из SRUC. Как показали предыдущие исследования, у свиней очень выразительные морды. Ими они могут подавать сигнал о своих намерениях другим свиньям. Доказано также, что они используют различные гримасы при боли и стрессе. В своем проекте ученые делают трехмерные и двухмерные изображения популяции размножающихся свиноматок. Группа животных находится в типичных ситуациях, которые могут привести к различным эмоциональным состояниям. Они могут демонстрировать различные гримасы, связанные с болью, а после еды, наоборот, выглядят спокойными и довольными. Полученные изображения обрабатываются в Бристольском центре Университета Западной Англии. Тут создают различные методы машинного обучения для автоматической идентификации всего спектра эмоций, передаваемых определенными выражениями лица. Сосредоточив внимание на морде, мы надеемся создать ориентированную на животных методику оценки общего состояния. Это позволит понять, как краткосрочные эмоциональные реакции, так и долгосрочные индивидуальные настроения животных , рассказала доктор Эмма Бакстер. После проверки методов команда разработает технологию для использования на фермах. Предполагается, что отдельные свиноматки в больших стадах будут постоянно под контролем с помощью этого нового инструмента. Наша работа уже продемонстрировала точность 97 при распознавании выражений у свиней. Технология распознавания лиц дает возможность реализовать недорогие, незаметные и практичные средства для биометрической идентификации отдельных животных на ферме. Нашим следующим шагом будет использование обучаемых алгоритмов для автоматического распознавания выражений, связанных с основными эмоциональными состояниями, такими как счастье или страдание , пояснил профессор Мелвин Смит из Бристольской робототехнической лаборатории. Ранее стало известно, что в Китае местный инженер построил мини-приют для кошек, который оснащен системой распознавания мордочек.
",0.0
97,"добби свободен!!!!!!!!!!!!!!!!!!!! ох спасибо тебе добрая внученька!!!!!!!!!!!!!!!!!
",0.0
98,"Что-то таких идиотов защищающих всякое непотребство стало слишком много в комментах. Может это те же что и в политике за проплаченные комментарии работают?
",6.0
99,"тебе лучше не знать,малыш.
",0.0
100,"Ты забыл его хохлом обозвать, подсос.
",5.0
101,"Наша дума от слова пиздить. поэтому её можно называться пиздя
",6.0
102,"Чуркабес плес, иди трусы на рынке продавай, чмырь
",1.0
103,"Модераторы странные зверьки - меня за посыл одного индивида, он меня работать, а я его тоже, только туда где ему привычнее... Забанили... А когда я звал модеров на одного типчика зовущих всех дибилами и с вопросом от куда они берутся, на мой ответ что вот одного точно его мамка родила - забанили меня...
",0.0
104,"Что,ссыкотоно за свой язык отвечать? На моё мыло пиши фуфлыжник...
",5.0
105,"Хорош лицемерить вражина! Ты сам из того племени, потому и доволен всем! А укольчик подыхающему кролику от чумки за 1500 руб это совершенно нормально!!! При зарплате у пол-страны в 10 тыщ.
",5.0
106,"ути пути твоя подруга у тебя в штанах видит, но разве мне это тебе говорить? ты и сам это прекрасно знаешь
",5.0
107,"Зашел сказать, что хохлы подзалупный гной, которому скоро придет триумфальный пиздец. у меня все.
",1.0
108,"Господи, ты же больной человек. Мы уже выяснили, что это нихуя не умеешь в английский, потому что приволок ссылку на статью которая прямо опровергает твои слова, и не смог процитировать выдержки из этой статьи, только потому что НИХУЯ не умеешь в английский. А по поводу эстонского языка, я повторю для присутствующих здесь господ, что если бы я был лахтодыркой, мне не составило бы труда говорить через гуглопереводчик, ведь ты, говно, нихуя не сможешь оценить качество перевода. Утомил ты. Тебе лечиться нужно.
",5.0
109,"Бросила. Во время каждого занятия получала небольшие травмы, в последний раз при выполнении Сурьи Намаскар растянула связки на руке, боль была такая, что в первые секунды на перелом подумала. Теперь дома занимаюсь без напряга со стороны тренера.
",0.0
110,"Сука мои глаза кровоточат, про какой там нахуй тубик тебе посты делать, пяздуй за букварем срочно!!!!
",5.0
111,"У тебя в домашке мало букв, а мне надо много.
",0.0
112,"ну хз, значит до меня не дошел весь великий посыл в таком фильме, как груз-200. Значит я быдло тупое
",6.0
113,"Эта картинка старше тебя, свинюш. Будущее больно отдаленное выходит.
",5.0
114,"Хуясе тут ОП жопки школьникам разорвал. Прямо в клочья, лол. Самое потешное, что никто из этих ололо-тгавителей, ИРЛ не сможет затравить даже соседского кота, ибо ссыклив вне интернетов, как последнее чмо. Вот и находят утешение в анонимном петушином кукареканьи. Надо же как то анус охлаждать.
",6.0
115,"скальпы местного населения за деньги не принимали, не резали руки детям за отказ их родителей работать и невыполнение плана, Какой потрясающе удобный подход. А еще не набивали соломой трупы врагов и не насиловали предметы домашнего обихода туземцев. Что не добавили и эти два пункта? Я привел тебе факты многочисленных убийств аборигенов ради захвата их земель или подчинения их народов, а ты ловко выкручиваешься тем, что вырезали-то не всех поголовно, а всего лишь непокорные аулы, концлагери строили не для конкретных народов, а всех подряд, да и резервации не строили - ведь просто выкинуть из поезда в сухую степь Средней Азии полмиллиона насильно депортированных из родных краев вайнахов и сколько-то там других народов было гораздо проще, чем что-то для них еще и строить. Войны были есть и будут Это была экспансия, а не война. Разницу чуешь, или мне снова разжевать? Так что нехер пытаться обелить то, что было. Не сразу заметил, что ты еще и автор этого поста, где жалуешься на мертвое образование и при этом сам с околонулевой осведомленностью в истории пытаешься с кем-то еще спорить.
",4.0
116,"Оставь это клиповое говно для детей пролетариев, дурачок. И больше не лезь в чужие разговоры со своими глупостями, метапостный дебс.
",5.0
117,"Но зачем ты его поднимаешь, пятачок? Ведь всё равно ничего не изменится, как не менялось десять тысяч тредов. Крымотред так и будет висеть в топе пораши, а ты будешь гореть.
",4.0
118,"Ты ее с коклюшем делал или только дифтерия-столбняк? Если с коклюшем, то больше не делай, у многих реакция на него, значит, у тебя тоже. В следующий раз (через 10 лет) делай только дифтерия-столбняк.
",0.0
119,"Это ты мерзкий же, я отрицал пока не стало известно официально об этом.
",5.0
120,"Этот сайт - дно Рунета, большинство его посетителей - выродки и отбросы общества. Немногие интеллигенты, ищущие отдушину в анонимном общении также втягиваются в местную маргинальную культуру и быстро деградируют до среднестатистического анонимуса. Так что не ищите здесь уважительного общения без обсценной лексики, его нет.
",6.0
121,"Почему тян поколения Z предпочитают небелых мужчин? Объективных доказательств в пользу твоего утверждения нет, так что это всего лишь твои бредовые маняфантазии на фоне больного разума, и возможно, ненависти к младшему поколению. Не тратьте на этого дурачка время.
",6.0
122,"Я его в жопу ебал, его твич, его подписчиков и его контент для сынов дерьма. Поделом, тупая пизда с раздутым счв теперь навечено в бане. Благо твич сейчас чистит биомусор, спасибо ему
",6.0
123,"Посмотрим, как начнешь визжать, когда начнут безосновательно тереть твои треды.
",5.0
124,"Идите на х... со своей сраной кошкой
",6.0
125,"мне поебать на его финансы и кто он. Не пизди, шлюха. Выкладывай своё ебло, мы поржем.
",5.0
126,"Я так пишу потому что делаю это с телефона. И ради кого тут собственно редактурой заниматься? Судя по тому что аргументация у тебя скатилась к передергиванию, считаю что твой интеллект в этом споре себя исчерпал, мальчик.
",5.0
127,"Личного фотографа лидера Северной Кореи Ким Чен Ына исключили из партии и уволили с должности, сообщает Daily NK. По данным издания, речь идет о мужчине по фамилии Ри, который работает в Korean Art Film Studio. Отмечается, что фотограф лишился должности за то, что он снимал Ким Чен Ына слишком близко. Ри нарушил правило съемки лидера КНДР в день выборов в Верховное народное собрание КНДР. Напомним, в конце февраля глава Северной Кореи Ким Чен Ын был замечен курящим на перроне вокзала. А в 2015 году Ким Чен Ын сменил прическу и форму бровей.
",0.0
128,"Духу не хватает им в лицо сказать? Только в интернете оскорблять их готов? Тогда ты трусливое быдло.
",5.0
129,"НУ ВОТ, ЕРОХИН УЖЕ СВАЛИЛ ЗА БУГОР, А ТЫ ВС СИДИШЬ КАК СЫЧ В СВОЕМ ПО И СИСЯНУ ДОНАТИШЬ!!
",4.0
130,"Если такое мнение тебя утешает - можешь продолжать верить в него, тут нет ничего постыдного. Вмешиваясь в комментирование я лишь предположил, что здесь кто-нибудь хотел узнать фактическое положение вещей, а не просто выразить плюсиками солидарность сходным поверхностным воззрениям.
",0.0
131,"пойти кромсать неповинных в твоих проблемах людей? Чувак собирался устроить колумбайн в школе, в которой учился. Легко могу представить наличие упырей среди одноклассников, учителей, и руководства школы. Ну то есть неповинных в проблемах в данном случае неприменимо. Как минимум переехать в Москву или Питер. Как максимум - свалить заграницу. Как быстро может себе позволить это выпускник РАНХиГС, и сколько у него времени останется чтобы спокойно наслаждаться жизнью? В то время когда по телевизору - золотые унитазы, катание собачек на бизнес-джетах и прочая сладкая жизнь , в том числе сверстников, которые родились с бриллиантовой ложкой в жопе ?
",0.0
132,"Глубоко пофигу? Тем не менее ты вывалил историю на всеобщее обозрение. Для чего? Для одобрения какой ты крутой нескандалящий? Или ищешь одобрения в убеждении что вокруг все педорасы?
",5.0
133,"Ты что, спишь, я тебе за руль звоню
",0.0
134,"Но отбитый тут ты. Ну нафантазировал, ошибся, обострение у меня весеннее, но нахуя ты мне отвечаешь то тогда? Чтобы убедить себя в том, что я не прав? Да, пожалуйста, я не сопротивляюсь, ты прав во все.
",5.0
135,"С каких пор порноскримеры нарушают что-то В том и проблемы, что не нарушают ничего, и нашелся умник, начавший этим злоупотреблять и использовать тред для своего увеселения. Свобода ебать, что хочет то и вставляет. Иди поезд-тред создай, зацени свободу. Я уже не говорю об аниме треде, где трут постоянно и хуй пойми что и за что. Там никакой проблемы с удалением постов нет, а как из вебм треда удалить десяток постов, и въебать банхаммером по голове одному (одному, блядь!) дебилу, так это нет, отказывают клавиатуры, мышки, пропадает интернет и отсыхают руки. Ну не могут эти ебаные мочераторы почистить говно там, где их просят. Сделай вебмки тише и будет тебе Щасте. Серьезно? Я должен дрочить звук каждый раз, потому что какой-то дебил решил перед мамкой похвастаться, как он траллит двощи заброской скримеров? Ты гениален, ответ 10 10 просто. Так может и вайпы не трогать, ну не понравился тред кому-то, или просто захотелось повеселиться. Пусть остальные скрывают посты, куклу настраивают.
",6.0
136,"Он про марихуану и вообще дуй отсюда, пока твой батя новый аккаунт не спалил.
",5.0
137,"Высрался ты конечно знатно. Словесный понос продемонстрировал. Всей лахтой эту пафосную хуитку сочиняли? А по сути то сказать тебе и нечего. Я считаю что пидорахи должны покинуть политач.
",4.0
138,"Ты бы и к собаке пристроился.
",5.0
139,"Почему у тебя все красное? Ты дальтоник? (автор данного комментария не собирался никого оскорблять.)
",0.0
140,"И что, это сделал Почта России? Или все же неадекват в ее рядах?
",0.0
141,"У тебя воображение - так себе
",5.0
142,"А расскажите, как вы каталогизируете каналы на ютубе? У меня куча научпопных каналов, технических, музыкальных, новостных. И они все с пермежку идут. Охота их как-то по категориям распихать, чтобы потом искать проще. Может костыли какие есть? Родной интерфейс ютуба группирует только контент, но не источники.
",0.0
143,"А вы похоже тоже из этих? Не буду, пожалуй, вам ничего писать, вдруг вы заразны.
",5.0
144,"1) ещё раз повторюсь, самооборона, или пропитание это одно. и обоих вышеперечисленных случаях животное не испытывает страданий, или испытывает их по минимуму. Я не покупаю мясо собаки в магазине. Убийство абсолютно невиновных конкретных животных, продиктованное просто дебильными убеждениями, которые в свою очередь продиктованы просто желанием убивать, Но на людей очка не хватает - это прямое показание к химической кастрации данного индивидуума, а также обезглавливание при повторении подобного эпизода. 2) даже если ты очень хороший борец, и это видно издалека, я я, если бы увидел как ты причиняешь вред животному, Я бы уничтожил тебя. Если я, даже сидя на диване, или гуляю на улице увижу подобную мразь, ей будет так же больно, как животным.
",6.0
145,"ТысячЬ? Математик он может и хороший но с русским напряг
",5.0
146,"Эй, слющяй, чо оскорбляешь срязю?
",1.0
147,"Даже в моей 17к (!!!) мухосрани в сибири есть чеченцы и даги. Пару лет назад одного русачка пришили за то что жену чеченца ебал. Пекут по-тихому свою шаурму, обувь ремонтируют, на стройках шабашат Наташ поябывают, в диаспоры объединяются, чтобы рюсню набутыливать.
",1.0
148,"Мерзкий, тупой но сука смешной
",6.0
149,"Какую ещё нахуй правоту ? Ты сказал, что правый и за мораль и всё такое, я тебе предъявил мол есть ли у тебя семья жена. Ты начал маняврировать, что то про кукан. Где я слился то, питушок ?
",4.0
150,"разыгрывали 4000 рублей ( 2000)
",0.0
151,"Гомофобия - это искусственная конструкция. И если вы к ней как-то относитесь, то вы просто внушаемый. Остерегайтесь цыган.
",0.0
152,"моча сюда не заходит И как привлекать их внимание? Флешмоб организовать что-ли? Если будешь надоедать моче борьбой с поехавшим, то сам будешь не сильно отличаться от поехавшего. Спейсачерам просто пора научиться игнорировать этого идиота и просто бампать другие треды, вместо того чтобы отвечать шизику. Всё равно никто не хочет с ним говорить, но у него реально в голове иллюзия создается, что он какой-то интересный человек, хотя по сути ему на лицо ссут, а он думает что с ним нормально общаются. Я думаю с ним в жизни никто не общается и даже когда ему на лицо ссут, банят, посылают нахуй, он думает что это общение и радуется как ребенок.
",6.0
153,"Пойдешь за зарплатой, вазелин захвати, так дружеский совет....
",0.0
154,"Плюс очевидны: - хорошая, стабильная зарплата Во-первых, з п в пидорахотугриках, а не деньгах. С 2013 года военные стали получать в 2 раза меньше. За риск для жизни и дискомфорт - плата уровня чистильщика сортиров в Алабаме. - соцпакет, льготное жилье Соцпакет вида отдых на пидорахокурортах . С соответственным контингентом (такие же вояки, чинари и бюджетники). Льготное жилье в помоечных человейниках. Свой дом или квартиру в сталинке по военной ипотеке не взять. - ранний выход на пенсию Это единственный плюс. Но, во-первых, уж поверь, государство позаботится, чтобы к 40 годам здоровья у тебя осталось мало. Ну и во-вторых, хорошо быть писарем в штабе, кинологом, паспортистом и т.д., тем, кто не ходит под пули. - уважение от общества, респектос от приличных людей Щас бы волноваться об уважении со стороны пидорах из скотоублюдии, лол. И это только малое количество минусов. О них подробнее: - Удаленные части и гарнизоны. Дохуя в ч за полярным кругом, посреди всяких лесов и в мелких провинциальных городков, где делать нехуй. Пока твои сверстники живут в ДС ДС2, в относительной цивилизации, ты мерзнешь в -30 и покупаешь помидоры по 300 рублей. - Дискомфортные условия службы. Техника спроектирована так, чтобы тебе хотелось побыстрее погибнуть в бою, форма неудобный мешок, хочешь удобства - покупай свои берцы, свои майки-футболки и т.д. Офисные стулья самые дешевые, геморрой и сколиоз придут скоро. Командиры наглухо отбитые, на одного нормального офицера 10 разчеловеченных ублюдков, которые доят на деньги и ресурсы как срочников, так и коллег-офицеров. - Вероятность подохнуть. И ладно бы за правое дело, но по факту подохнешь в очередной Сирии, в качестве ихтамнета-отпускника. Семью кинут на выплаты и прикажут молчать. - Круговая порука. Солдаты и офицеры регулярно отмачивают какую-нибудь хуйню, типа ограблений, пьяных драк, изнасилований. Наказать их можно только если у потерпевшего есть связи выше, чем их крыша. Тебе придется на все это смотреть, и с этими людьми тебе служить. В итоге, через 20 лет выслуги мы получаем туповато-инфантильную пидорашку, неспособную ни на что, кроме охраны Пятерочки школы стоянки, ну или в лучшем случае членства в очередной ОПГ, состоящей из силовиков.
",0.0
155,"Двач, почему тян такие тупые? С ними же просто не о чем поговорить... Они не могут поддержать разговор ни о философии, ни об устройстве Российской Империи в начале XX века. Я увлекаюсь поэзией, литературой, языками, читал в оригинале Ницше и Гегеля, но разговор с тянками все равно не клеится... Ни одна девушка не смогла развить тему о немецкой экономике конца XIX века и предпосылках для начала первой мировой войны. Почему они настолько тупее меня, что мне не дают? Я же такой умный, что ходил два года в качалку, но не набрал ни грамма массы - все уходит в гениальный мозг. Где найти ламповую 10 10 няшу с накачанной задницей и упругими сиськами, чтобы обсудить с ней культурно-социальные аспекты Речи Посполитой и влияние католической церкви на внутреннюю экономическую политику оной? Почему они все тупые животные, которые мне не дают? Двач?!
",6.0
156,"Я, дурачок, купил. Игра гавно, однообразно как и все последние высеры биотех, упоминание в посте Dragon age - origins, кощунственно.
",0.0
157,"Что она у тебя такая жирная? На шаверму её готовишь?
",0.0
158,"хорошо тут все ясно а теперь поясни мне за то что он кладет на репорты за шитпостинг и нерелейтед. айробусом дедом, лизон создали тред, карине создали тред, оляше создали тред, так какого хуя этим ебланам треды отдельные не создать? какого хуя ты тут чертила свой рот открываешь, тварь малолетняя, вот из за таких как ты уебанов все и скатилось в гавно, потому что черта этого никто не репортит, а такие говноеды как ты все сливают в парашу
",5.0
159,"Эм, нет, если сравнивать то это не ты на своей кухне гадишь а на твоей кухне гадит либо твой сосед по коммуналке либо вообще незнакомый тебе человек. Бандит никогда своим не будет. Разницы между своим и чужим бандитом, как и между своим и чужим капиталистом, нет.
",0.0
160,"Ты троллишь? Если ты такой правильный - плати мне репарации. Точно репарации, а не материнский капитал, ссуду или стипендию? Просто репарация - это по факту штраф за проёбанную войну от одно государства другому. Да и по международному праву, официальный приемник СССР - Российская Федерация. Так что, как переедешь на Аляску, можешь смело писать заявление в международный суд на РФ, чтобы тебе вернули 3 прадедовы коровы. Документы, подтверждающие собственность-то, остались?
",4.0
161,"У тебя видать тоже кость широкая.
",5.0
162,"Ну так, вообще, пиздеть - это трепаться о чем-либо, а пиздИть - врать.
",0.0
163,"Что ни рейтинг, так начинается: Аааа... Ну понятно, опять всё куплено. Опять Россию обижают. Верить ничему нельзя. Откуда это ощущение такой невероятной собственной важности? Почему кто-то реально считает, что всем не насрать конкретно на Россию? Откуда мнение, что все эти Амнести интернейшнл, Блумберг, МБР, Трансперенси интернейшнл и прочие только и думают о том, как бы представить нашу страну в плохом свете? P.S. Вы проверили? У вас есть другие данные? Тогда, вероятно, стоит ими поделиться, чтобы этот ужасный поклёп разбить в пух и прах, вы так не считаете?
",4.0
164,"жители Украины------ украинцы, а не хохлы
",0.0
165,"Опущ, ты везде багорт видишь?
",5.0
166,"Качок дуболом это я так понимаю голубочкин, блогер это евген, а тщедушный бездарь это кто?
",0.0
167,"Короче, ты либо заряженный либо раб и жить тебе всегда обворованым
",5.0
168,"Так же как бандосов. Есть авторитетный человек которому доверяют оба уголовника, тот их и судит.
",0.0
169,"Это 60р в час выходит? Чето дорого капец. В Казани в 1999-2000 году, помню, час игры на Сеге стоил 12 рублей, на PS1 - 15 рублей, а за 20 можно было целый час рубиться в компьютер. Джойстики для Сеги тогда стоили 60-70 рублей. И Мегадрайв в 1999 году мне купили, как сейчас помню, за 690 рублей. ХЗ где автор нашел ее аж за полтора косаря.
",0.0
170,"59 год Выходы на орбиту Вы батенька, даун.
",5.0
171,"Так это же католики. Католики в Бульбастане это как правило в большинстве отбитые змагары и адепты утопической польши и они против любого действия властей, даже если гражданам будут выдавать каждый месяц по 10к баксов то они будут против
",4.0
172,"Правильно разбомбили сербских уродов. Жаль что не истребили их всех
",1.0
173,"Юный? Вы, наверное, совсем читать не умеете, смотрите в монитор, а видите хуету вашего мировозрения. Прежде, чем пиздеть, глянули бы всю ветку коментов и с чего всё началось. Кстати, хуею с двуличности пикабу, я обращался к опоненту на вы он мне с какого-то хуя начал тыкать , я его осадил, причём опять-же, на вы и я ещё и неправ. Вот уж днйствительно, собрание малолетних психопатов.
",5.0
174,"Ну там то сказано, что нужно отступить 500 мм от горючих материалов и описан один способ, как уменьшить это расстояние, но он мне не подходит.
",0.0
175,"на Хабре твой пост, MR VF ?
",0.0
176,"А, не, можешь не мыться. Думаю, твоя подзалупная хтонь, которую экономная тянка непременно соберет в баночку, а потом щедро заправит ею твой борщ, отлично дополнит вкус блюда, придаст ему пикантности, так сказать.
",5.0
177,"Так ты ещё и антисемит примитивный? Как же всё запущено...
",5.0
178,"Какой долбоеб так обжигает хохлов? Тушку бендеровца надо накрыть сеном и оно должно не гореть, а тлеть. Тогда шкурка киборга нормально пропечется и у сала будет нормальный вкус.
",1.0
179,"А в нашей современности возможна ли более-менее устойчивая и самодостаточная промышленная экономика, ориентированная только на внутренний рынок и основанная только на собственных технологиях? Сомневаюсь. Разве что Иран может быть примером, но и то, при первой же возможности он постарался вернуться на мировой рынок. Северную Корею не считаем, понятно. Напоминаю, Венесуэла отрезана от мировых рынков. Это попросту вранье. Трындец в экономике там идет с 2014 года, при этом Венесуэла до января 2019 (!!!) года преспокойно продавала нефть в США. Только месяц назад ее отрезали от нефтяного рынка США, но никто не мешает Венесуэле продавать нефть в другие страны и покупать товары и технологии в любом месте мира.
",0.0
180,"Я описал разницу и конкретные причины, по которым твои претензии к ним не относятся. Ты опять соскальзываешь с темы как содомит искупавшийся в оливковом масле. Давай по делу, сисадмин.
",5.0
181,"Создал тут тхреад в b 192441781 Как оказалось, ЛГБТ пропаганда в б кажется унылой и слишком обильной не только мне. Как насчёт пидорнуть все гее би треды из b в ga? Хуле они тут у себя филиал открыли? Заебали притеснять натуралов. Давайте я поясню. Пидоротреды унылы и неприятны, и их крайне много. Это заебало. Если куклоебов и пониебоы пидорнули, почему пидоров нельзя пидорнуть? Пониебы всех заебали - их пидорнули Куклоебы всех заебали - их пидорнули Пидоротреды заебали меня, я интересуюсь, сколько ещё анонов заебались их видить нонстоп 24 7 на главной. Если нас будет много - можно и пидорнуть, я считаю. Для них есть целый раздел, или 2-3 даже. Но все равно постоянно это лезет на главную в b. ДОКОЛЕ?
",6.0
182,"хохлы такие забавные, если кто-то высказывает мнение, отличное от мнения партии, то он КРЕМЛЕБОТ ИЗ ОЛЬГИНО, ПРОПУТИНСКИЙ СЕПАР etc
",1.0
183,"Ларин клоун, тату на ебле сделал, не шарит в науке и прочем
",6.0
184,"интересно, у тебя отсутствует эмпатия к убитым мирным жителям донбасса потому что тебя таким воспитали или ты просто говнюк от рождения?
",0.0
185,"Раз уж вакханалия продолжается, давайте в этом треде продолжать собирать ворох банов. Копирую из прошлого треда отсюда и из ответов к нему: Ошибка: Постинг запрещён. Бан: 1067637. Причина: M Общее 6 - Злоупотребление трипкодом, аватаркой !b. Истекает: Втр Янв 22 22:00:00 2019. В новом аниме-треде ( завелся один сумасшедший модератор, который удаляет видео, а затем банит пользователей за справедливые вопросы о причине удаления данных видео по надуманным причинам вроде злоупотребления трипкодом аватаркой или обсуждения модерации вне d . Я - один из тех, кто попал под его раздачу. Поэтому, в связи с этим, требую немедленно разбанить меня и остальных, кто стал жертвой модераторского произвола и изгнать с должности модератора этого человека, он профнепригоден. Ошибка постинга: Постинг запрещён. Бан: 1068596. Причина: M Общее 6 - Злоупотребление трипкодом, аватаркой !b. Истекает: Птн Янв 25 22:00:00 2019. Какая блядь аватарка, вы в глаза долбитесь? Спасибо Абу. Ошибка постинга: Постинг запрещён. Бан: 1068457. Причина: b 2 - Аватаркочатики в 2d !b. О каких аватаркочатиках может идти речь? Какое 2d я там не был в жизни. Я общался с аноном без пикч на тему треда! Уже и тут пообщатся нельзя? Разбаньте позязя. Несправедливый бан: Постинг запрещён. Бан: 1068078. Причина: M Общее 6 - Злоупотребление трипкодом, аватаркой !b. Истекает: Срд Янв 23 22:00:00 2019. Попросил скинуть вебмки по K-on! Анон скинул, я сказал спасибо. Забанили и меня и его. А ещё общалую НЕСПРАВЕДЛИВЫЙ бан. Бан: 1068350. Причина: M Общее 6 - Злоупотребление трипкодом, аватаркой !b. Бан: 1068074. Причина: M Общее 6 - Злоупотребление трипкодом, аватаркой !b. Истекает: Срд Янв 23 22:00:00 2019. Какого хрена мочух банит анонов в Аниме тредах по своему желанию и по пизданутым причинам? Error: Постинг запрещён. Бан: 1068344. Причина: M Общее 6 - Злоупотребление трипкодом, аватаркой !b. Истекает: Втр Янв 22 22:00:00 2019. Только что запостил две вебм в вебм тред b , разной тематики, не связанные друг с другом, посты вообще были без текста и трипкода. После второй вебм улетел в бан, тред видимо после этого тоже потёрли. Какое злоупотребление? Может стоит пересмотреть бан? И дебилов которые их выписывают. Постинг запрещён. Бан: 1068070. Причина: M Общее 6 - Злоупотребление трипкодом, аватаркой !b Вы че, ебанутые? Понабрали даунов из вбыдлятне. Это было не аватарка. Меня анон попросил скинуть вебм, что я и сделал. Никаких аватарок и чатиков . Постинг запрещён. Бан: 1067881. Причина: M Общее 6 - Злоупотребление трипкодом, аватаркой !b. Что за логика у мочи? какая в жопу аватарка? какое злоупотребление пасскодом?! Да, постил я там по одному видео, но это b там и бессмыслицу можно постить, да и никто не жаловался на меня, не писал в треде у бля пошёл на хуй или репортну . Значит если я капчевал капчу с такой же скоростью, то меня не забанили бы? Я деньги вам дал, чтобы эту херню сломанную отменить, а в итоге я получаю пиздюлей только потому, что у меня пасскод предупредил анонов, что они могут получить бан написав что-то в треде. Ошибка постинга: Постинг запрещён. Бан: 1068099. Причина: M Общее 5 - Обсуждение модерации вне d !b. Почему предупреждение посчитал обсуждением модерации? 2ch.hk b res 190040136.html 190040136 Ошибка постинга: Постинг запрещён. Бан: 1068361. Причина: M Общее 5 - Обсуждение модерации вне d !b. Истекает: Втр Янв 22 22:00:00 2019. Обсуждения, КСТАТИ ГОВОРЯ, не было, был скрин, твоего удалённого сообщения. Выпей уже свои таблетки и не заходи на двач. Что за бред какое обсуждение модерации? Я обсуждал аниме-конфоблядей и просто сказал что не застал их. Ошибка постинга: Постинг запрещён. Бан: 1068363. Причина: M Общее 5 - Обсуждение модерации вне d !b. Истекает: Втр Янв 22 22:00:00 Ошибка постинга: Постинг запрещён. Бан: 1069746. Причина: M Общее 6 - Злоупотребление трипкодом, аватаркой !b. Истекает: Птн Янв 25 22:00:00 2019. Ошибка постинга: Постинг запрещён. Бан: 1069608. Причина: Общее 6 - Злоупотребление трипкодом, аватаркой !b. Истекает: Птн Янв 25 22:00:00 2019. Запостил одну шебм, ахуенно Ошибка постинга: Постинг запрещён. Бан: 1068589. Причина: M Общее 6 - Злоупотребление трипкодом, аватаркой !b. Истекает: Птн Янв 25 22:00:00 2019. Ошибка постинга: Постинг запрещён. Бан: 1072740. Причина: Общее 6 - Злоупотребление трипкодом, аватаркой !b. Истекает: Птн Фев 01 22:00:00 2019. За единственное первое же сообщение в треде
",0.0
186,"Но по факту какой-то быдлогопник создал ОПГ Один хер он продолжит свою деятельность, потому что тема бесконечно актуальная. Рашка таки скатилась в сраное говно. Пора валить отсюда нахуй... Here we go again.
",4.0
187,"Это эрефия) тут 2 метода: 1. сделать говно 2. запретить и бонусный 3. У Хохлов еще хуже
",4.0
188,"В том трансгазе, где я уже лет 7 работаю, сейчас есть только компенсация проезда к месту отдыха (процентов 30, точно не помню). Не РКС, если что. А года до 2014 тоже была компенсация путевки до 85 работнику и до 40 - члену семьи. Процентовка зависела от газового стажа.
",0.0
189,"Девушка, Вы не в себе? Кто мы облажались? Причем тут я и кто-то? Кто должен настучать мне по голове? Я просто увидел, что люди которые яро рвут на себе рубаху в комментах нихрена не знаю своей собственной истории. И рассказал об этом. Но если бы Вы еще умели слушать, помимо того, как изливать свои мысли. Слово оккупант имеет резко негативную коннотацию в любом языке Да? Тогда объясните мне, почему в США есть медаль за службу в оккупационной армии ? Это типа такая медаль позора наверное. Её вручали чтобы гнобить человека. или всё таки нет? именно поэтому из ГСВГ через какое-то время убрали О. Да? А я то думал это было связано с созданием ГДР. Вы такие глупости говорите. Т.е. сразу же после войны, победителей, героев, можно называть оккупационными войсками, а спустя девять лет решили что это очень негативно? Серьезно?
",4.0
190,"С другой стороны, модератора никто не звал, а картинку раз, и удалили.
",0.0
191,"Вижу по твоим старым постам, что ты на этом деле собаку съел) А сам прошёл полностью?
",0.0
192,"Я уже написал, считайте проф деформацией. И можете дальше дрочить на фото одних и тех же хомячков раз в два дня.
",6.0
193,"ряженые кизяки Извинись!
",0.0
194,"типун тебе на язык! Гриллс еще не всех жуков-пауков съел!
",0.0
195,"Пост-эталон малолетнего долбаёба.
",6.0
196,"я тебе не приятель, туша боксёрская
",5.0
197,"Я всё ещё жду пруф на то, что твоё между рядами вне закона. Я всё ещё жду пруфы на то, в чем ты меня обвиняешь как в реале, так и в том, что я здесь писал. Я жду пруфы твоим заявлениям. Особенно интересуют пруфы моей езды. Ну так кто здесь пиздобол?
",5.0
198,"Вы просто латентный веган
",5.0
199,"эта мразота терроризирует треды более двух лет, вниманиеблядствует и потешается над анонами. Пруфы того, что в треды срет один и тот же человек, потешается над анонами и злоупотребляет бездействием модераторов . эти вебмки сделаны им Его тред, куда он срал своими скримерами поискав по метадате, можно найти десятки тредов, куда он срал своими скримерами, по 15-20 штук в треде. Пруфы засирания тредов , к примеру. Поиском можно найти намного больше 2 вебм начало 1:19 0:49 и 3:57 3:16 1:23 Пруфы многократных жалоб от анонов на деятельность этого серуна ПРИМИТЕ МЕРЫ БЛЯДЬ!!!!!!
",6.0
200,"Ты на сосаче, не нужно каргокультить тут форчок, это выглядит уебищно. Пиши по-русски жиды.
",5.0
201,"- Ты кого тут тупым быком обозвал? А ну ка!
",5.0
202,"Подхрюкивающий, держи за прогиб!
",5.0
203,"А разве Хлёбыч скрывал, что он - шлюха?
",6.0
204,"А я готовлю почти также, только сахар не использую вообще, а вместо него добавляю в фарш изюм - получается вкусно. Ну и без яйца в конце (хотя зачетно должно быть, только вряд ли совместимо с изюмом, надо будет попробовать так).
",0.0
205,"Танкисты пидарасы танкисты хуесосы танкисты долбоебы конченые
",6.0
206,"По-моему большая часть фанатов Казимирко (уже бывших), не поддерживала рузге мир и лугандон. Откуда сюда ватники понабежали
",4.0
207,"Религиозным можно быть по-разному. Я не говорю, что в той же самой пиндосии нет упоротых на религии долбоёбов, они есть везде, ибо религия в принципе к этому располагает. Просто у нас тут по этой теме как с цепи сорвались, а государство с церковниками, почуяв выгоду, старательно масла в огонь подливают.
",6.0
208,"Это же для школьниц и школьников. Там на полные ставки рассчитывать не стоит. Не все дети из обеспеченных семей. Но и по времени там час не всегда нужен. Максимум 30 минут девочка и 10 минут мальчик. Я выставляю такие тарифы. По классике ещё, в принципе, можно поторговаться.
",6.0
209,"Оправдываться империалисту тем, что захватили кого-то из-за того, что они нападали на нас, грабили, поганая ложь. Примеры я выше привел, империалисты кровожадные звери, ненасытные. Собственно примеров куча. Россия переселяет казаков на границу. Ха-ха, уж про этих то не надо. Эти то отлично в истории отметились. Как каратели, захватчики, грабители.
",0.0
210,"У меня вопрос к ТС. Отец поехал покупать.... А почему вы не посмотрели на офиц.сайте цену Лады Весты. Один клик мышки и цена комплектации Комфорт от 667 900 руб. Если сильно занижена цена, то 100 обман, вы же это понимаете. Выручайте теперь отца, нанимайте юриста.
",0.0
211,"Иди на почту до востребования
",0.0
212,"Не скажи, в дурку из-за неё он заехал. Галя - классический мозгоёб, в добавок никогда не признающий своей вины. Но истинная причина помешательства останется загадкой.
",0.0
213,"Стесняюсь спросить, а вы что, после трепанации без шапки стояли? Обморозить участок мозга, знаете ли, непростой челлендж. Нужно либо черепную коробку вскрыть, либо сначала обморозить все, а затем и мозг в конце обморозится
",0.0
214,"Блять, вот хохлы везде Россию приплетают, а вот кремлеботы везде хохлов пытаются приплести.
",1.0
215,"Неуместны здесь, только ваши простыни ахинеи, убогая попытка процитировать Кличко и отсебятина про крах. Соловьев, прямым текстом заявлял, что без закона Яровой, правительство бессильно что либо сделать. Где крах? И если вы вываливаете ваши писюльки публично в интернет, научитесь для начала хотя бы писать без ошибок. Если конечно не хотите выглядеть смешно как сейчас.
",4.0
216,"Ты, нехороший человек, зачем на Пикабу написал? Сейчас и тут капец настанет...
",5.0
217,"Мне часто ставят минусы и спрашивают, почему я называю биомассу людей идиотами. Отвечаю: Потому что, они пытаются писать по-русски, не умея писать по-русски. Автору мой толстый минус. Назад в школу, животное!
",5.0
218,"Шульман конечно та ещё оппозиция , Женщина она, откровенно говоря глуповатая Но каким образом это отменяет то, что его хрюкейшество порось, конферансье со средним образованием ,хамло и украинское быдло, живущее за счет папаши мелкого жулика?
",1.0
219,"Не беспокойтесь) неадекватный человек мне написал ответ на мой комментарий
",6.0
220,"Дебил Коноплеводство зарубил Хрущ как и многие хорошие вещи
",5.0
221,"Хм... По-моему, ты не слышал, как кричит такой поросенок. Его хуй выпиздишь из загона, сначала... хоть за уши, хоть сапогами. А ещё эту тушу надо протащить метров 40 и завести в станок . И, только потом, ты залезешь сверху, угнездишься так, чтобы тебя по стенкам не размазало, наклонишься, и ведешь пику, и взрежешь шейку.. И только сейчас ты услышишь и поймешь разницу между просто визгом, хоть и от боли, и СМЕРТНЫМ.. ...даже, если тебе 10 и ты вообще снаружи свинарника. ...убивают его, блядь...
",0.0
222,"Квинтэссенция человеконенавистничества в этих словах Ротшильда. И после этого ещё некоторые не верят, что капитал есть источник фашизма. Тупые люди не смогут стать богатыми, а умные смогут. Ага, поэтому давайте сильно затрудним доступ к образованию, а то образование, что есть и без которого не обойтись, сделаем максимально узкоспециализированным, что бы человек сразу превращался в тупого, сделав лишь шаг в сторону от своей специализации. Тогда можно будет бесконечно долго жить припеваючи, присваивая результаты труда этих людей. Тупые всегда в итоге будут работать на умных. Это скользкая дорожка: тупые не смогут поддерживать общественное производство, а умные могут начать соображать, что к чему. Поэтому в итоге подобная система развалится, в один прекрасный день, как песочный замок. Но водить за нос трудовой народ они могут еще долго.
",6.0
223,"Свобода слова,говоришь? Я ИМЕЛ ТВОЮ МАМАШУ ВО ВСЕ ЩЕЛИ! Это тоже свобода слова. И когда на улице кавказец при твоих друзьях или знакомых назовет тебя пидарасом,это тоже свобода слова. Свобода слова это палка о двух концах. Любая палка имеет другой конец,которым ты можешь получить по ебалу. Но ты очевидно школьник или студент-младшекурсник,или просто великовозрастный дебил,поэтому это для тебя неочевидно.
",4.0
224,"Умник, тебя бы в эту часть, я бы посмотрел какой ты бы там был. В крысы бы улетел, с черными ручкался бы а своих гнобил
",5.0
225,"пук среньк Петухевен, пожалуйста. Иди свои 15 в другом месте отрабатывай.
",4.0
226,"Передайте , который меня в чс кинул, что это не русский портал. То, что тут посты выходят на русском ещё на означает, что он русский. Тут сидят люди с Украины, Беларуси, Казахстана и других стран, в которых разговаривают на русском.
",0.0
227,"Конечно, это резонансное событие требует отдельного треда для обсуждения и 19 тредов до этого шло обсуждение. Тред назывался нейтрально Рассстрел мусульман в новозеландской мечети . Но сегодня ОП, по совместительству борец за Арийскую Раssy и мамкин фашик назвал его в честь стрелка KEBAB REMOVER(англ. уничтожитель чурок ) и с утра пораньше решил в ОП-посте(заголовке треда) обозначить тред, как героизирующий(в первом треде) и оправдывающий(в третьем треде) терракт этого стрелка. Пик стронгли релейтед. 20 тред. В третьей строке заголовка ОП восхваляет и героизирует террориста, цитирую заголовок: KEBAB REMOVER тред 20 Продолжаем пиздеть тут. Слава Герою! Я репортил тред в форме репорта и в прикрепе в d , реакции никакой. Видимо, школомодеры сами симпатизируют нацизму и закрывают на это глаза. 21 тред. После того, как я пригрозил ему репортом, в этот раз мамкин фашик, убирает строку про героя и зачем-то вместо неё ставит нацистское приветствие дивизии СС Галичина. KEBAB REMOVER тред 21 Продолжаем пиздеть тут. Слава Украiнi! 22 тред. В этот раз тот же остроумный ОП поставил на третью строчку PRESS R TO PAY RESPECT!(англ. Нажмите R, чтобы выразить уважение!) т.е. уважение стрелку за то, что он совершил терракт. Еще он выделил жирным шрифтом предложение Именно эту мечеть он выбрал потому, что на её месте раньше находилась церковь. , будто то бы для оправдания стрелка. KEBAB REMOVER тред 22 Продолжаем пиздеть тут. PRESS R TO PAY RESPECT! Эти действия подпадают под конкретные статьи УК РФ, (публичное оправдание терроризма или пропаганда терроризма), а модерация никак не трёт такие заголовки треда, не реагирует на репорты. Да, я понимаю, что на Дваче возможна любая точка зрения, но хотя бы шапка треда должна быть нейтральной и уж точно не должна оправдывать и героизировать терроризм фашизм и не нарушать законодательство. Такое название треда автоматически собирает в нём нацистскую падаль и сворачивает обсуждение в сторону фашистской идеологии.
",0.0
228,"У вас кремлебот головного мозга, срочно к врачу
",4.0
229,"А не ты ли тут намедни пост о каком-то кришнаитском празднике вещал? Ты лично к христианству никакого отношения не имеешь, тем более к православию, но ты самолично один решаешь за христиан как и на что им оскорбляться. Тебя христиане еще не побили за то, что ты манипулируешь их верой, индуист?
",6.0
230,"Интересно, а что мы могли сделать? Ввести санкции на поставки гуманитарки для своего населения? Алсо, не примешивай к этому Пыню, Пыня проебал украину имея проросийского президента, яиц хватило только на то, чтобы откусить под шумок крым, чем обеспечить абсолютную ненависть хохлов в остальной украине и страх восточноевропейских карликов, которые теперь готовы в жопу дать за защиту от русской угрозы .
",4.0
231,"Я думаю, вот эта ссылка будет кстати: Суд: нельзя требовать от работника явиться за трудовой книжкой в другой город http: www.garant.ru news 1232319
",0.0
232,"у тебя что, ИНТОКСИКАЦИЯ УКРАИНСКИМ МИРОМ?
",4.0
233,"Ок. Раз уж крахоборничать то пусть будет максимум не - 1 Бар, а - 1,013 Бар. При полной откачке, скажем, воздуха из емкости, на емкость будет воздействовать атмосферное давление, и большее разрежение, чем оно давит, ваккумметр не покажет. То есть максимум - 1 атмосфера, или 1,013 Бар.
",0.0
234,"Это просто новый вид троллинга - троллинг тупостью. Умный оппонент приходит в ярость и бешенство, и это при том, что он прав и подебил. Да-да, победить этот вид троллинга нельзя, можно только прекратить беседу, когда ее уровень пробил днище.
",6.0
235,"Кстати, стальной топор без религии не сделать. Потому как рудокопы и углежоги в какой-то момент спросят - а нахрена мы тут горбатимся вот уже третий год, ради чего все это? И вот в этот момент им надо как-то объяснить, что еще каких-то три-четыре миллиона рабочих часов - и наступит век развитой металлургии и всем выдадут если не по сверкающему железному мерседесу, то уж по жигулям точно. Надо только продолжать делать свое дело. День за днем. День за днем херачить киркой эту дурацкую скалу и пережигать деревья на уголь. Сегодня. Завтра. Послезавтра. Чтобы когда-нибудь... потомкам стало хорошо.
",0.0
236,"о жопах Да нет, это твой свидомый мозг дорисовывает картинку, я только о твоей мамке, которая за 100р сосёт хуи на трассе, так ты заберешь из быдломордора свою хуесоску на окраину?
",4.0
237,"дегенерат продолжает обзывать нацию, хотя его никто на это не провоцирует русских каждый день обзывают хохол горит от первого же оскорбления да. яяяясно.
",1.0
238,"ВАШИНГТОН, ОКРУГ КОЛУМБИЯ МЭРАЙЯ КЕРИ ПОДЫХАЕТ ОТ ТОГО ЧТО ТИТЯНДРЫ СТАЛИ СЛИШКОМ БОЛЬШИМИ ЗАРАЖЕНИЕ КРОВИ, ПОДАГРА, ДИАБЕТ, ОТКАЗАЛИ ПОЧКИ, В КОНЦЕ КОНЦОВ ОТКАЗАЛО СЕРДЦЕ ГЛАВА КРИМИНАЛЬНОЙ ГРУППИРОВКИ 18-АЯ УЛИЦА И ДРУГ ДОНАЛЬДА ТРАМПА ХУАН КАРЛОС КАСТИЛЬЯ ПРИХОДИТ НА ПОХОРОНЫ ПЕВИЦЫ И ВСЕМ ГАЗЕТАМ И СМИ РАССКАЗЫВАЕТ, ЧТО РОДИТЕЛИ УМЕРШОЙ ОТРАБОТАЮТ ДОЛГ ДОЧЕРИ ПЕРЕД МАФИЕЙ ЗА КОКАИН НЕ ТАКАЯ УЖ ЧУДОВИЩНАЯ СУММА, ПОЛ МИЛЛИОНА БАКСОВ, РОДИТЕЛИ ПОГАСЯТ, ДРУЗЬЯ СОБЕРУТ
",6.0
239,"ты совсем дурачок, хохол? что такое по твоему построенная новая дорога?
",1.0
240,"Удельная проводимость стали 10 000 000 Удельная проводимость водопроводной воды 0.0036 Вода 36 мкСМ м Сталь 10МСМ м Так что пластиковые трубы - это хорошо
",0.0
241,"Это ты своей маме и сестре родной? С утра?
",5.0
242,"Например вот тут: https: www.google.ru url?sa t source web rct j url http: www.consultant.ru document cons doc LAW 34683 aed7d03df679e3376974dadd131b899dc6966650 ved 2ahUKEwiar-2jj8 gAhVE-yoKHR3ECB4QFjAAegQIBBAB usg AOvVaw09ObjWoB9D2SDDZBVcDLUF
",0.0
243,"да не, там вполне современная, относительно, техника. в квартирах разбитых как раз таки антураж 2013 сервизы и шкафы тех лет)
",0.0
244,"Ванька, пиаришь свой убогий кривой сайт и все кто с тобой несогласен( а тобой несогласны все, кроме одного анана из 2016 года) называются модераторскими подсосами.
",5.0
245,"1) чё, еба - вы уже додумываете, где вы быдло-сленг углядели? Или смутило то, что я на Ты общаюсь? 2) давайте не будем самообманываться и говорить, что внешность не важна, что обидного лично для вас в просьбе фото?
",6.0
246,"Ага, но если посмотреть на историю региона чуть раньше то будет так: Русские подружились с черкесами. Русские перестали дружить с черкесами, после их нападений. Соседи осознают, что какая-то хрень пошла, просят защиты у России. Черкесы и чеченцы начинают грабят соседей и входят во вкус, формируется кодекс чести набегов на соседей и целая набеговая система. Россия переселяет казаков на границу. Черкесы и чеченцы начинают грабить и убивать казаков, при этом активно занимаются и междуусобными войнами. Терпение России заканчивается, кавказцы слегка получают по голове. Кавказцы не унимаются и получают поддержку от врагов России (османов и англичан) и отрабатывают её. Терпение России заканчивается и черкесы получают по полной. Остатки черкесов более 150 лет удивляются и обижаются, а нас-то за шо? Раз уж лезть в историю, то может лучше вспомним как вместе от Крымского ханства отбивались и Казань вместе брали?
",0.0
247,"называет Шарикова педофилом в 2к19-ом Чо, педофилия теперь срок давности имеет? Ща как представил, как тебе Шарий всунул свой грубый хуй в задний проход, когда тебе было всего 10, а ты через пять лет такой: Йееееех, ну это ж дувно было, ни пидафил!
",5.0
248,"Ну например потому что кончалось лето и если бы я быстро не отстроилась - ещё почти год жила бы на съёмных квартирах. А я если честно вешалась от них - я до этого 10 лет с родителями загородом жила, мне тесно в Москве)
",0.0
249,"Какую советскую замшелую хуйню ты несешь - как так так кря кря народы братья кря кряк православные - сколько себя помню с нулевых хохлосрачи в сети, читал Дневники Дроздовского, он там описывал что когда они уходили из города украинские националисты кричали им оскорбления в спину, снимали и топтали флаги, одновременно унижаясь перед немцами, и у Булгакова тоже самое: мразь с хвостами на головах , братская дружба длиной в век. Обоссаный одноклеточный дебил посылает кого-то в одноклассники. Пиздуй в б или откуда там выползают настолько тупые создания.
",4.0
250,"Обезьяну колонизировали, привезли в Европу, дали возможность стать человеком. Обезьяна отблагодарила.
",1.0
251,"ви таки дурак, простите? )
",5.0
252,"На какое противоречие ты указал, идиот жопоглазый? Там ясно указан разграничительный признак.
",5.0
253,"Он уже не стесняясь по кд срет, модератор его друг что ли?
",5.0
254,"дырка у тебя в голове.
",5.0
255,"Двачую этого. Свиньи уже в наглую пиздят что их тут нет и что они не срут в по мойке
",6.0
256,"У меня мать в охране работала как то, там там ебали за то что ты не отвечаешь в ватсапе. Типо если вообще не будешь в группе сразу увольнение ебанутый ватсап этот, информационная помойка, а в Якутии ВСЕ сука на нем помешаны!
",6.0
257,"Вы привели достаточно аргументов чтобы их не просто выгнать а показательно расстрелять около подъезда. Мне более нечего вам возразить. Я не могу оперировать ценностями вашего убого эгоистичного НЕДОразума.
",5.0
258,"Роды в срок - 38 недель. Т.о. осталось носить еще почти 2 месяца.
",0.0
259,"Так ее уже заставили ) нужно перезаставить или отменить первое. на троечку троллишь, без души, нужно душу вкладывать, что ж ты так слабо. Образ циничного дебила не очень удачно получился. Это как, творишь лютую хуйню, а виновата она, действия твои, а расхлёбывать ей, она на эмоциях, а ты думаешь, что это взвешенное решение. Дебилы, блядь (с)
",5.0
260,"Ну хочешь я стану твоим другом? Как тебя зовут? Чем увлекаешься?
",0.0
261,"Другого я от тебя и не ждал, школьник максималист.
",5.0
262,"Ты лучше свои ссылки в спортлото отправляй. Там ошибок море.
",0.0
263,"Да ты ещё и неуравновешенный.Я понимаю что тебе приходится заниматься какой-то хернёй и возможно не об этом ты мечтал в жизни,но ты сам выбрал этот путь.Так что веди себя сдержанно и спокойно говори о том,как плохо высказывать своё недовольство как всё неплохо(могло быть и хуже) хочешь чтоб было как на Украине? и т.д. короче отрабатывай по инструкции,челядь
",5.0
264,"пруф или пи..бол шарлатан)
",5.0
265,"Зачем тут тогда разговариваешь? Жалко что ты вообще родился...
",5.0
266,"Так то стоит около 12,5 тысяч, но мне вышло в 6636 рублей и бесплатная доставка
",0.0
267,"Ой, блядь. Украины как страны не существует, это вид болезни, патология. Как будто хохлики что-то там решают.
",1.0
268,"Камера заднего вида и книжная лига? Вы тролль
",0.0
269,"Да. Можете ради интереса засунуть палец себе в рот и пощупать свой собственный язык глубже, чем видно в зеркале. Сильно удивитесь.
",0.0
270,"Да не торопись ты так, бабуль
",0.0
271,"греки всегда падлили россии, это как жид ы либерасты, откровенные русофобы... наши там чото с ними сюсюкаются, афоны, хуёны... а греки в ответ лишь наебывают русских да офшоры для жид олгирахов создают чтобы грабить русачков... надо признать кипр за турцией, пнуть под сраку вафляломея и поставить в константинополи наших русских попов И ПУСТЬ ВЕСЬ МИР ОТСОС Т!!!
",1.0
272,"У вас что, ночное большевистское обострение?
",4.0
273,"Да насрать всем уже на это засохшее дерьмо! Алсо, скорее всего жирный свин почуял что его блядскому магазинчику наступает капздец и начал пытаться маневрировать.
",6.0
274,"У вас пост поломался.
",0.0
275,"смешно. я просто написал, что мнение некого внештатного специалиста не должно публиковаться. про лживых девушек я ни слова не сказал. и про проблематику, которая в посте. я просто усомнился в правдивости источника. вы опять врете. сознательно избегаете вопросов, смешиваете разные посты и трактуете их в свою пользу. первая на оскорболения перешли вы. с моей стороны это был чистый стеб. потому что вы начали пользоваться совсем банальными стереотипами, я отзеркалил это на вас, также написал стандартные мужские заблуждения про женщин. прекратите людям хамить, научитесь аргументироано спорть, и прибудет с вами счастье!
",0.0
276,"ссылки я давал, модератор в мягкой и корректной форме послал меня нахер
",0.0
277,"я их маму ибаль, мааааааааматкунем!
",6.0
278,"Более полутора тысяч человек стали жертвами незаконных онлайн-трансляций из гостиничных номеров в Южной Корее. Об этом сообщает CNN со ссылкой на местную полицию. Камеры были спрятаны в телеприставках, розетках и держателях для фенов. Отснятый материал выгружался на специальный сайт. На портале было зарегистрировано более четырех тысяч человек. 97 из них оплатили ежемесячный взнос в размере 45 долларов (почти три тысячи рублей). За доплату пользователи могли подключиться к стриму в прямом эфире. В преступной схеме участвовало несколько человек: двое мужчин уже арестованы, в отношении двух других ведется расследование. Установлено, что сотрудники гостиниц ничего не знали о преступной схеме. В прошлом был похожий случай, когда в отелях устанавливались нелегальные камеры, и их постоянно тайно смотрели, но полиция впервые обнаружила ситуацию, когда видео транслируется в прямом эфире в интернете , уточнили в правоохранительных органах. Незаконно снятые видео являются распространенной проблемой в Южной Корее. Чаще всего злоумышленники крепят скрытые камеры в общественных женских туалетах. Такой жанр называют spycam, записи позднее продаются в сети. В 2018 году десятки тысяч женщин вышли на улицы Сеула и других городов в знак протеста против таких преступлений. Выступления проходили под лозунгом Моя жизнь не ваше порно . Ранее владелица крупного южнокорейского порносайта, известная под именем Сонг (Song), была приговорена к четырем годам тюрьмы. На ее портале размещались тысячи spycam-записей.
",0.0
279,"тебя тут вахтёром назначили ?
",5.0
280,"Тебе кольцо покупают , беги глупец!
",5.0
281,"Принятые военные доктрины с тобой не согласны, пидорандель. Ах да, я забыл, жид овствующие пиндосы и евреи их игнорируют, покрывая военные преступления своих солдат и вводят санкции против суда в Гааге за попытки привлечь виновных
",5.0
282,"Таких как ты психопатов на хуй отстреливать в детстве.
",5.0
283,"Блядь, каждая вторая семья разваливается. А они не рассчитывают Так они сами всё портят, сами друг другу мозги клюют. Дебилы, бля.
",6.0
284,"А в твоем блять не стояли! вы же пердуны старый все высоко духовные интеллектуалы.
",5.0
285,"Всегда знал, что эта поехавшая сука-хохлушка.
",1.0
286,"Ты в маём серце казёл.
",0.0
287,"Вам в b никто не рад и не ждет, вы - мусор. Никто кроме вас самих не хочет видеть в b, продолжайте спамить ссылками на d в своём загоне, никто вас не вернет.
",6.0
288,"Крым это Украина В голосяндру с этого хохлосяндра!
",4.0
289,"Позвольте узнать, скольких детей вы воспитали, дабы утверждать, что ребенок - это примитивный и легко предсказуемый алгоритм, в котором нельзя - значит нельзя? Удобно все и всегда на воспитание спихивать, вроде я ничего в жизни не добился, но не потому что я нихера делать не хочу, а потому что меня так воспитали, моей вины в этом вообще нет. И родители не виноваты, их тоже так воспитали. Адам с Евой всю ответственность несут, а мы так, по течению плывем. Значит люди, которые имеют проблемы с алкоголем - быдло. Люди, дети которых причинили любой вред чужой собственности - быдло. Но может тогда и люди, которые перестают следить за своим здоровьем и мало двигаются - быдло, ведь они тоже осознают риски? Люди, которые вместо саморазвития приходят домой и смотрят сериальчики, просто потому что им лень что-то делать еще, они тоже быдло, ведь разница с алкоголиками в способе отдохнуть, структурно никакой разницы? Но тогда логичный вопрос, а есть ли НЕ быдло на нашей планете?
",0.0
290,"Да нахуй ты мне это скинул? Если я теку от неё, естественно я пересмотрел её видосы. Но самый кайф на канале молодого человека, где он её за жопу хватает и пальцы в рот суёт. Если меня привлекают такие тян, я быдло?
",0.0
291,"Игорь, ты? Помнишь меня? Я твой одноклассник. Я узнал тебя по твоим шизоидным словам и высерам. А помнишь, как мы всем классом нассали тебе в кружку в третьем классе, на сладкоежке? Ты ещё выпил, облизнулся и попросил добавки. А потом тебя пришёл забирать твой отец, тот самый дворник, который на Вернадского изнасиловал собаку и получил условный срок за то, что украл плавленный сырок в магазине. Он зашёл в класс, все стали смеяться, а ты обосрался под себя от стыда, а потом сказал, что всю жизнь будешь ненавидеть дворником, но в 9м классе, когда ты пошёл на рейд, чтобы их отпиздить, то они пустили тебя по кругу, после чего тебе наложили на анус восемь швов. Как поживаешь, Игорян?
",5.0
292,"ты грызун не забывай свою историю - как твоя великая грузия платила дань малолетними грузинскими пидарасиками для всех жопошников персии и турции.
",1.0
293,"НЕ ТАК: с ватников. вопрос: любишь сралина? за кого голосовал? за питуна?
",4.0
294,"Тоже проигрываю с укро-манек. Хотя вангую тут не только укры, но и некоторая часть русских шизиков с манямирком. Сами же вчера еще проигрывали с ватных ВР ТИ, а сегодня сами той же хуйней занялись. Вообще в последнее время все больше и больше убеждаюсь, что ватные дегенераты и фанатичные свидомиты либеpаxи друг друга стоят. Одним русня говна в жопу заливает, а другим - злой запад.
",4.0
295,"У вас, похоже, депрессия. К врачу попробуйте сходить. Мб полегче будет. Ну и жена, конечно, доконала вас.
",0.0
296,"тебя бы в первых рядах на эту войну погнали, дурик. потом кричал бы в объектив камеры: не хочу умирать! отпустите - вы же добрые!
",5.0
297,"21 век, как ты такой неграмотный?
",5.0
298,"Западенские каклы в Польше - это чмо пиздец какое просто. Сам лично одному там в автобусе втащил. Его блядь приняв меня за поланда начала обкладывать русским матом за то что я их согнал в автобусе с первых мест за которые заплатил, типа я нихуя не понимаю. Сами поляки при этом в кайф стояли и смотрели как русачек щемит какла.
",1.0
299,"Очевидно, что топтать дворников и чем там ещё федоровичи по всей стране занимались- это просто другой уровень деятельности Вот и попался куколд-воевака. А гонору сколько было, да мы на дунбусее, да я в грозном двери настежь - давай говно на разы. Когда твою сестру будут насиловать черенком от веника три дворника, то ты будешь просто играть в Подземелья и Драконы и делать вид что ничего не происходит. А не, как Джимми Нейтрон напряжёшь мозги и будешь искать РЕЛЕВАНТНОЕ решение проблемы, пока сестричке, с венком ромашек на голове, раздирают дырочку. Ссали тебе в рот всем кондопогом, чека-нацианалистъ. Твои маняврирования от вопросов точно такое же тухлое пиздабольство как и на стремах жирного, можешь в гости записатся, если достаточно всратый для их патоков. Ах, да, а хули ты у мамы под юбкой, а не спасаешь наших новиопов в трусках от злых фашистов? За пять лет так и не собрался? Давай реще, чучело.
",4.0
