subject,predicate,object
Dragon-Knight,hero_name,Dragon-Knight
Centaur-Warrunner,bestVersus,Drow-Ranger
Venomancer,bestVersus,Underlord
Medusa,hasRole,Carry
cyclone,item_name,cyclone
Doom,hero_attack_type,Melee
Shadow-Shaman,bestVersus,Huskar
Lich,bestVersus,Outworld-Destroyer
Queen-of-Pain,bestVersus,Clinkz
Dark-Willow,buysItem,staff_of_wizardry
Queen-of-Pain,bestVersus,Phantom-Assassin
Anti-Mage,bestVersus,Phantom-Lancer
Brewmaster,bestVersus,Wraith-King
Huskar,hasRole,Carry
Templar-Assassin,bestVersus,Void-Spirit
Medusa,bestVersus,Undying
Jakiro,buysItem,arcane_boots
Medusa,bestVersus,Witch-Doctor
Lich,bestVersus,Meepo
Earthshaker,bestVersus,Huskar
Tiny,bestVersus,Ursa
Shadow-Demon,bestVersus,Witch-Doctor
Phantom-Lancer,hasRole,Carry
Templar-Assassin,buysItem,blink
Muerta,hero_name,Muerta
Chaos-Knight,hasRole,Initiator
Dragon-Knight,hasRole,Initiator
Winter-Wyvern,bestVersus,Earthshaker
Kez,hasRole,Carry
aghanims_shard,type,item
Sven,bestVersus,Wraith-King
Disruptor,bestVersus,Vengeful-Spirit
Night-Stalker,bestVersus,Pudge
Lifestealer,hero_attack_type,Melee
Queen-of-Pain,bestVersus,Bloodseeker
Visage,bestVersus,Outworld-Destroyer
Phantom-Lancer,bestVersus,Io
Dawnbreaker,buysItem,ogre_axe
mage_slayer,item_name,mage_slayer
Clockwerk,hasRole,Initiator
bfury,item_name,bfury
Ursa,bestVersus,Tinker
Razor,hasRole,Carry
Rubick,bestVersus,Bloodseeker
Ancient-Apparition,bestVersus,Troll-Warlord
Tidehunter,buysItem,blink
Timbersaw,bestVersus,Earth-Spirit
Beastmaster,hasRole,Disabler
Phantom-Assassin,buysItem,ogre_axe
Crystal-Maiden,bestVersus,Huskar
orchid,type,item
Broodmother,buysItem,ogre_axe
Primal-Beast,bestVersus,Wraith-King
Monkey-King,bestVersus,Pugna
Void-Spirit,bestVersus,Witch-Doctor
Bristleback,bestVersus,Necrophos
Sniper,buysItem,blade_of_alacrity
Pangolier,hero_attack_type,Melee
Drow-Ranger,bestVersus,Axe
Lion,bestVersus,Disruptor
sange,type,item
Clockwerk,type,universal_hero
Pangolier,buysItem,blade_of_alacrity
Mirana,bestVersus,Faceless-Void
Techies,bestVersus,Witch-Doctor
Omniknight,bestVersus,Mars
Void-Spirit,bestVersus,Arc-Warden
Medusa,bestVersus,Phantom-Lancer
Templar-Assassin,hero_name,Templar-Assassin
Storm-Spirit,bestVersus,Phantom-Lancer
Monkey-King,hero_name,Monkey-King
Juggernaut,buysItem,blade_of_alacrity
Earth-Spirit,hasRole,Nuker
Lion,bestVersus,Huskar
Warlock,bestVersus,Lone-Druid
Arc-Warden,buysItem,staff_of_wizardry
Lich,buysItem,blink
Grimstroke,hasRole,Support
strong_hero,subClassOf,hero
Clockwerk,bestVersus,Oracle
Dragon-Knight,type,strong_hero
Phantom-Lancer,hasRole,Escape
Timbersaw,bestVersus,Silencer
Jakiro,buysItem,staff_of_wizardry
Phantom-Lancer,buysItem,staff_of_wizardry
Viper,bestVersus,Riki
Centaur-Warrunner,hero_attack_type,Melee
Jakiro,bestVersus,Dark-Seer
Razor,hero_name,Razor
Winter-Wyvern,bestVersus,Dawnbreaker
Kez,hasRole,Escape
Ogre-Magi,buysItem,pavise
Storm-Spirit,hasRole,Initiator
Sand-King,bestVersus,Pugna
Tinker,hero_attack_type,Ranged
Chen,buysItem,mekansm
Puck,bestVersus,Necrophos
Tidehunter,bestVersus,Ember-Spirit
Tidehunter,hasRole,Durable
Weaver,buysItem,maelstrom
Dawnbreaker,hero_name,Dawnbreaker
Meepo,bestVersus,Razor
Venomancer,hero_attack_type,Ranged
Lone-Druid,hasRole,Durable
Huskar,hero_attack_type,Ranged
strong_hero,type,Class
Legion-Commander,hasRole,Nuker
Naga-Siren,hasRole,Pusher
Spirit-Breaker,bestVersus,Spectre
Jakiro,hero_attack_type,Ranged
Void-Spirit,bestVersus,Phantom-Lancer
Pugna,hero_name,Pugna
Death-Prophet,hero_name,Death-Prophet
Razor,bestVersus,Void-Spirit
Death-Prophet,buysItem,ogre_axe
Warlock,buysItem,glimmer_cape
Ember-Spirit,bestVersus,Pugna
Undying,bestVersus,Witch-Doctor
Medusa,hero_name,Medusa
Techies,bestVersus,Phantom-Lancer
Ringmaster,buysItem,arcane_boots
Lycan,bestVersus,Enigma
Storm-Spirit,relativeTo,Earth-Spirit
Riki,bestVersus,Sven
Night-Stalker,hasRole,Initiator
Legion-Commander,type,strong_hero
Marci,buysItem,ogre_axe
Arc-Warden,bestVersus,Snapfire
Storm-Spirit,hero_name,Storm-Spirit
Windranger,hasRole,Support
Chen,buysItem,arcane_boots
Centaur-Warrunner,buysItem,ring_of_tarrasque
Razor,hero_attack_type,Ranged
Necrophos,hasRole,Nuker
Invoker,hasRole,Disabler
Naga-Siren,bestVersus,Arc-Warden
Void-Spirit,relativeTo,Storm-Spirit
Wraith-King,bestVersus,Anti-Mage
Troll-Warlord,type,agile_hero
Disruptor,bestVersus,Arc-Warden
Grimstroke,bestVersus,Clinkz
Sniper,hero_name,Sniper
Grimstroke,bestVersus,Phantom-Assassin
Rubick,hero_name,Rubick
Muerta,bestVersus,Chaos-Knight
Grimstroke,hero_attack_type,Ranged
Nyx-Assassin,type,universal_hero
Nyx-Assassin,bestVersus,Razor
Shadow-Shaman,hasRole,Support
Clinkz,hasRole,Escape
Slark,bestVersus,Viper
Invoker,hasRole,Pusher
soul_booster,type,item
Leshrac,bestVersus,Tinker
Void-Spirit,type,universal_hero
Pudge,hasRole,Durable
Storm-Spirit,bestVersus,Viper
Meepo,bestVersus,Bloodseeker
Rubick,buysItem,blink
Skywrath-Mage,buysItem,vitality_booster
Silencer,hero_name,Silencer
Gyrocopter,buysItem,ogre_axe
Ogre-Magi,bestVersus,Skywrath-Mage
Lone-Druid,bestVersus,Dazzle
armlet,item_name,armlet
Dragon-Knight,bestVersus,Pugna
Marci,bestVersus,Juggernaut
Slardar,bestVersus,Lycan
Doom,bestVersus,Arc-Warden
Shadow-Shaman,bestVersus,Riki
Tusk,bestVersus,Phantom-Assassin
Clinkz,hero_attack_type,Ranged
Nyx-Assassin,bestVersus,Phantom-Assassin
Mirana,bestVersus,Slark
Ancient-Apparition,hasRole,Support
Juggernaut,bestVersus,Snapfire
Rubick,buysItem,aether_lens
Alchemist,buysItem,radiance
Crystal-Maiden,buysItem,glimmer_cape
Omniknight,bestVersus,Arc-Warden
Pangolier,bestVersus,Skywrath-Mage
Batrider,buysItem,force_staff
Bounty-Hunter,hero_attack_type,Melee
Lion,bestVersus,Underlord
Spectre,buysItem,yasha
Ogre-Magi,hero_attack_type,Melee
Ogre-Magi,bestVersus,Warlock
Timbersaw,buysItem,ogre_axe
Ringmaster,buysItem,staff_of_wizardry
Abaddon,bestVersus,Riki
Puck,bestVersus,Riki
item_name,type,DatatypeProperty
Naga-Siren,hasRole,Initiator
Riki,hero_attack_type,Melee
Hoodwink,bestVersus,Bloodseeker
Drow-Ranger,hasRole,Carry
Arc-Warden,bestVersus,Lich
Beastmaster,buysItem,ultimate_scepter
Disruptor,hasRole,Initiator
Riki,hero_name,Riki
Brewmaster,bestVersus,Lycan
Keeper-of-the-Light,bestVersus,Phantom-Lancer
Brewmaster,bestVersus,Techies
Shadow-Shaman,bestVersus,Clinkz
Clinkz,bestVersus,Spectre
Marci,bestVersus,Phantom-Lancer
Arc-Warden,bestVersus,Riki
Grimstroke,hero_name,Grimstroke
Doom,bestVersus,Phantom-Lancer
Axe,bestVersus,Lone-Druid
Treant-Protector,bestVersus,Jakiro
hero_name,type,DatatypeProperty
staff_of_wizardry,item_name,staff_of_wizardry
Clinkz,bestVersus,Night-Stalker
hero_attack_type,range,string
Terrorblade,bestVersus,Phantom-Lancer
Beastmaster,hero_name,Beastmaster
Oracle,bestVersus,Arc-Warden
Marci,hasRole,Initiator
Bane,buysItem,arcane_boots
Sniper,bestVersus,Lich
solar_crest,type,item
Troll-Warlord,buysItem,ogre_axe
Wraith-King,bestVersus,Io
Doom,hasRole,Initiator
point_booster,item_name,point_booster
Kunkka,bestVersus,Bloodseeker
Outworld-Destroyer,bestVersus,Chaos-Knight
Marci,buysItem,phase_boots
Ancient-Apparition,buysItem,shadow_amulet
Ember-Spirit,type,agile_hero
Razor,bestVersus,Troll-Warlord
Lina,bestVersus,Anti-Mage
Enigma,buysItem,blink
Alchemist,buysItem,ogre_axe
Muerta,type,intellectual_hero
Shadow-Shaman,bestVersus,Bloodseeker
Pangolier,bestVersus,Silencer
Venomancer,hasRole,Pusher
Night-Stalker,bestVersus,Omniknight
Mirana,buysItem,aghanims_shard
Vengeful-Spirit,bestVersus,Alchemist
Slardar,bestVersus,Bristleback
Enigma,bestVersus,Treant-Protector
Nyx-Assassin,bestVersus,Meepo
Queen-of-Pain,bestVersus,Dazzle
Tidehunter,hero_name,Tidehunter
Zeus,bestVersus,Outworld-Destroyer
Outworld-Destroyer,bestVersus,Spectre
Dark-Seer,bestVersus,Drow-Ranger
Elder-Titan,buysItem,ancient_janggo
Marci,bestVersus,Oracle
Disruptor,bestVersus,Viper
Io,buysItem,holy_locket
Tinker,bestVersus,Juggernaut
Sand-King,hasRole,Nuker
Bounty-Hunter,bestVersus,Necrophos
Primal-Beast,hero_attack_type,Melee
Dark-Seer,hasRole,Escape
Timbersaw,bestVersus,Phantom-Lancer
Sniper,buysItem,mithril_hammer
Juggernaut,bestVersus,Sand-King
Puck,bestVersus,Phoenix
blade_mail,item_name,blade_mail
Elder-Titan,bestVersus,Meepo
Omniknight,bestVersus,Oracle
Morphling,hasRole,Disabler
Underlord,hasRole,Durable
Oracle,buysItem,aether_lens
Shadow-Shaman,bestVersus,Meepo
Io,buysItem,mekansm
glimmer_cape,type,item
Luna,bestVersus,Slark
Bane,buysItem,staff_of_wizardry
Witch-Doctor,hero_attack_type,Ranged
Juggernaut,bestVersus,Clinkz
Windranger,bestVersus,Anti-Mage
Meepo,bestVersus,Tusk
Weaver,bestVersus,Medusa
Oracle,bestVersus,Tidehunter
Enigma,bestVersus,Lifestealer
Bloodseeker,bestVersus,Underlord
Slardar,hasRole,Escape
Centaur-Warrunner,bestVersus,Phantom-Assassin
Windranger,hasRole,Nuker
Legion-Commander,hero_attack_type,Melee
Windranger,bestVersus,Muerta
Riki,hasRole,Disabler
Undying,buysItem,broadsword
Luna,bestVersus,Huskar
Riki,bestVersus,Void-Spirit
Crystal-Maiden,bestVersus,Outworld-Destroyer
Beastmaster,type,universal_hero
Warlock,bestVersus,Dark-Seer
Morphling,bestVersus,Arc-Warden
Broodmother,hasRole,Nuker
Abaddon,bestVersus,Bristleback
Venomancer,hasRole,Initiator
Skywrath-Mage,bestVersus,Earthshaker
Alchemist,hasRole,Initiator
Shadow-Demon,bestVersus,Riki
Jakiro,hasRole,Support
Snapfire,bestVersus,Phantom-Lancer
Jakiro,bestVersus,Pugna
Elder-Titan,buysItem,ogre_axe
Death-Prophet,buysItem,vitality_booster
Bane,bestVersus,Nyx-Assassin
Viper,bestVersus,Spectre
Sniper,bestVersus,Outworld-Destroyer
Keeper-of-the-Light,buysItem,vitality_booster
Terrorblade,bestVersus,Wraith-King
Dragon-Knight,bestVersus,Muerta
Drow-Ranger,buysItem,blade_of_alacrity
Shadow-Shaman,buysItem,blink
Brewmaster,hasRole,Disabler
Warlock,bestVersus,Gyrocopter
Tiny,hero_name,Tiny
Enchantress,bestVersus,Drow-Ranger
Silencer,bestVersus,Anti-Mage
Treant-Protector,bestVersus,Grimstroke
Invoker,bestVersus,Omniknight
Ancient-Apparition,hasRole,Nuker
Brewmaster,hero_name,Brewmaster
Monkey-King,bestVersus,Drow-Ranger
Mars,hasRole,Durable
Spirit-Breaker,bestVersus,Earth-Spirit
Lone-Druid,bestVersus,Skywrath-Mage
Leshrac,bestVersus,Phantom-Lancer
Shadow-Shaman,buysItem,aether_lens
Mirana,bestVersus,Abaddon
Bounty-Hunter,bestVersus,Riki
Templar-Assassin,bestVersus,Axe
Morphling,bestVersus,Phantom-Lancer
Dawnbreaker,bestVersus,Warlock
Centaur-Warrunner,bestVersus,Outworld-Destroyer
Slardar,bestVersus,Night-Stalker
oblivion_staff,item_name,oblivion_staff
Abaddon,buysItem,diadem
Bane,bestVersus,Warlock
Lone-Druid,bestVersus,Broodmother
Undying,bestVersus,Lifestealer
Venomancer,hero_name,Venomancer
Sven,buysItem,echo_sabre
Storm-Spirit,buysItem,oblivion_staff
Underlord,type,strong_hero
Magnus,bestVersus,Tinker
Medusa,bestVersus,Techies
Tusk,bestVersus,Lina
Huskar,buysItem,sange
Io,hasRole,Escape
Spirit-Breaker,bestVersus,Silencer
Primal-Beast,hasRole,Disabler
Morphling,buysItem,yasha
Ancient-Apparition,hero_name,Ancient-Apparition
http://www.semanticweb.org/root/ontologies/2025/0/dota2,type,Ontology
Dark-Seer,buysItem,ring_of_tarrasque
Anti-Mage,hasRole,Carry
Spirit-Breaker,bestVersus,Medusa
Lion,buysItem,staff_of_wizardry
Skywrath-Mage,buysItem,arcane_boots
spirit_vessel,type,item
Enigma,bestVersus,Bloodseeker
Meepo,buysItem,point_booster
Bristleback,bestVersus,Spectre
Luna,hero_name,Luna
Ember-Spirit,bestVersus,Death-Prophet
Kunkka,bestVersus,Spectre
Winter-Wyvern,relativeTo,Jakiro
Ogre-Magi,hasRole,Initiator
Dark-Willow,bestVersus,Anti-Mage
Natures-Prophet,hasRole,Pusher
Templar-Assassin,bestVersus,Anti-Mage
Tusk,bestVersus,Dazzle
Legion-Commander,bestVersus,Naga-Siren
Winter-Wyvern,hasRole,Support
Lion,buysItem,blink
Phantom-Lancer,bestVersus,Bloodseeker
Weaver,bestVersus,Arc-Warden
Mars,bestVersus,Dazzle
Elder-Titan,hasRole,Initiator
Muerta,buysItem,rod_of_atos
Vengeful-Spirit,buysItem,staff_of_wizardry
Phoenix,bestVersus,Necrophos
Dark-Willow,hasRole,Nuker
Chaos-Knight,bestVersus,Faceless-Void
Ringmaster,hasRole,Support
Undying,bestVersus,Razor
Riki,bestVersus,Troll-Warlord
Tidehunter,bestVersus,Earthshaker
Magnus,bestVersus,Earthshaker
Disruptor,hero_name,Disruptor
Pudge,hero_attack_type,Melee
Legion-Commander,hero_name,Legion-Commander
Dark-Seer,bestVersus,Necrophos
Chen,hasRole,Support
Abaddon,bestVersus,Spectre
Lich,bestVersus,Legion-Commander
dragon_lance,item_name,dragon_lance
Drow-Ranger,buysItem,dragon_lance
Pudge,bestVersus,Tinker
Void-Spirit,hero_attack_type,Melee
Enchantress,buysItem,blade_of_alacrity
Centaur-Warrunner,buysItem,blink
Pudge,bestVersus,Axe
Phantom-Assassin,buysItem,mithril_hammer
Anti-Mage,hasRole,Escape
Pangolier,type,universal_hero
Dragon-Knight,bestVersus,Drow-Ranger
Earth-Spirit,bestVersus,Legion-Commander
Chaos-Knight,bestVersus,Death-Prophet
Mars,type,strong_hero
Lycan,hero_attack_type,Melee
Bristleback,hero_name,Bristleback
Slark,bestVersus,Bristleback
Clinkz,bestVersus,Tinker
broadsword,item_name,broadsword
Undying,hero_name,Undying
Pangolier,hasRole,Durable
Sven,hasRole,Initiator
Razor,type,agile_hero
Mirana,hasRole,Carry
Night-Stalker,type,strong_hero
Dawnbreaker,bestVersus,Queen-of-Pain
Nyx-Assassin,hero_name,Nyx-Assassin
Lina,bestVersus,Huskar
Gyrocopter,bestVersus,Shadow-Shaman
Skywrath-Mage,buysItem,staff_of_wizardry
Axe,buysItem,ogre_axe
Sand-King,hero_attack_type,Melee
Queen-of-Pain,hero_attack_type,Ranged
Primal-Beast,buysItem,mithril_hammer
Pangolier,bestVersus,Oracle
Carry,type,role
Clockwerk,buysItem,staff_of_wizardry
Dark-Willow,hasRole,Disabler
Necrophos,bestVersus,Warlock
Necrophos,bestVersus,Earth-Spirit
Bristleback,buysItem,point_booster
Ursa,bestVersus,Underlord
Shadow-Demon,hasRole,Nuker
Huskar,bestVersus,Anti-Mage
Tiny,bestVersus,Mars
Bane,bestVersus,Dawnbreaker
Naga-Siren,bestVersus,Bounty-Hunter
Centaur-Warrunner,hasRole,Durable
Treant-Protector,bestVersus,Spirit-Breaker
Huskar,bestVersus,Invoker
Earth-Spirit,buysItem,mithril_hammer
Weaver,bestVersus,Tidehunter
Puck,type,intellectual_hero
Morphling,hero_name,Morphling
Lich,type,intellectual_hero
Tidehunter,hasRole,Disabler
Phoenix,hasRole,Support
Techies,buysItem,arcane_boots
Dawnbreaker,hasRole,Carry
bestVersus,domain,hero
talisman_of_evasion,item_name,talisman_of_evasion
Clinkz,type,agile_hero
Queen-of-Pain,bestVersus,Silencer
Crystal-Maiden,bestVersus,Dazzle
Jakiro,hasRole,Nuker
Phantom-Lancer,hasRole,Nuker
Medusa,buysItem,diadem
Outworld-Destroyer,hero_attack_type,Ranged
Templar-Assassin,bestVersus,Ancient-Apparition
Magnus,buysItem,ogre_axe
Slark,hasRole,Escape
Outworld-Destroyer,bestVersus,Tinker
Leshrac,buysItem,kaya
Bloodseeker,bestVersus,Dark-Seer
Gyrocopter,bestVersus,Abaddon
Storm-Spirit,hasRole,Escape
yasha,item_name,yasha
Grimstroke,buysItem,aghanims_shard
Lone-Druid,hasRole,Pusher
Earth-Spirit,bestVersus,Queen-of-Pain
Batrider,bestVersus,Phantom-Assassin
Medusa,hasRole,Disabler
Dazzle,hero_name,Dazzle
rod_of_atos,item_name,rod_of_atos
Mirana,buysItem,staff_of_wizardry
Dawnbreaker,bestVersus,Undying
Drow-Ranger,bestVersus,Razor
Dawnbreaker,bestVersus,Witch-Doctor
Monkey-King,bestVersus,Necrophos
Windranger,bestVersus,Huskar
maelstrom,item_name,maelstrom
Razor,hasRole,Nuker
Invoker,bestVersus,Anti-Mage
Bane,bestVersus,Witch-Doctor
Juggernaut,bestVersus,Dazzle
Tusk,buysItem,pavise
Wraith-King,bestVersus,Kunkka
Enchantress,buysItem,dragon_lance
Broodmother,buysItem,orchid
witch_blade,item_name,witch_blade
Outworld-Destroyer,bestVersus,Silencer
Winter-Wyvern,bestVersus,Ursa
Pugna,bestVersus,Anti-Mage
Bane,bestVersus,Arc-Warden
Lone-Druid,hero_name,Lone-Druid
Abaddon,hero_attack_type,Melee
Magnus,bestVersus,Arc-Warden
Ancient-Apparition,bestVersus,Morphling
Hoodwink,bestVersus,Winter-Wyvern
Tiny,buysItem,ogre_axe
Lich,bestVersus,Pangolier
Naga-Siren,buysItem,arcane_boots
Pugna,hasRole,Nuker
Undying,bestVersus,Bristleback
Pudge,hasRole,Disabler
Lifestealer,bestVersus,Anti-Mage
Axe,hasRole,Initiator
Naga-Siren,hasRole,Carry
Underlord,hero_attack_type,Melee
Disruptor,buysItem,arcane_boots
Nyx-Assassin,bestVersus,Winter-Wyvern
Meepo,bestVersus,Skywrath-Mage
Queen-of-Pain,type,intellectual_hero
Lich,bestVersus,Undying
Void-Spirit,hasRole,Disabler
Faceless-Void,bestVersus,Lone-Druid
Grimstroke,bestVersus,Nyx-Assassin
Wraith-King,buysItem,mithril_hammer
Techies,buysItem,staff_of_wizardry
Spirit-Breaker,bestVersus,Phantom-Lancer
desolator,item_name,desolator
Phantom-Lancer,bestVersus,Chaos-Knight
Alchemist,bestVersus,Axe
Techies,hasRole,Disabler
Lifestealer,bestVersus,Muerta
Wraith-King,bestVersus,Clinkz
Outworld-Destroyer,bestVersus,Mars
Timbersaw,bestVersus,Bounty-Hunter
Shadow-Shaman,bestVersus,Enchantress
Rubick,type,intellectual_hero
Undying,hasRole,Nuker
Bounty-Hunter,bestVersus,Chaos-Knight
Spirit-Breaker,hasRole,Initiator
Death-Prophet,hasRole,Carry
Rubick,bestVersus,Queen-of-Pain
Huskar,bestVersus,Faceless-Void
Viper,hero_attack_type,Ranged
Batrider,bestVersus,Outworld-Destroyer
Wraith-King,hero_name,Wraith-King
Tidehunter,bestVersus,Phantom-Lancer
Magnus,bestVersus,Phantom-Lancer
Marci,hasRole,Carry
Lone-Druid,bestVersus,Phantom-Lancer
Enigma,bestVersus,Spectre
Sven,buysItem,broadsword
Winter-Wyvern,hasRole,Nuker
Earth-Spirit,bestVersus,Arc-Warden
Winter-Wyvern,hero_name,Winter-Wyvern
Troll-Warlord,bestVersus,Medusa
Earth-Spirit,bestVersus,Juggernaut
Visage,bestVersus,Undying
Omniknight,buysItem,arcane_boots
Muerta,bestVersus,Juggernaut
Spectre,bestVersus,Drow-Ranger
Visage,buysItem,boots_of_bearing
Lifestealer,type,strong_hero
Chen,bestVersus,Anti-Mage
Tidehunter,hasRole,Initiator
Magnus,hasRole,Initiator
Underlord,buysItem,ring_of_tarrasque
Spectre,hasRole,Escape
Spirit-Breaker,hero_name,Spirit-Breaker
Pudge,bestVersus,Arc-Warden
Rubick,hasRole,Disabler
Earth-Spirit,relativeTo,Void-Spirit
Ringmaster,hasRole,Nuker
Enchantress,bestVersus,Abaddon
Void-Spirit,bestVersus,Spectre
ultimate_scepter,item_name,ultimate_scepter
Viper,bestVersus,Silencer
Naga-Siren,hasRole,Escape
Ember-Spirit,bestVersus,Shadow-Shaman
Venomancer,bestVersus,Anti-Mage
Death-Prophet,bestVersus,Jakiro
Gyrocopter,hasRole,Carry
Techies,hero_name,Techies
Bloodseeker,hasRole,Initiator
Bane,hero_name,Bane
Tinker,buysItem,holy_locket
Dark-Willow,buysItem,cyclone
Disruptor,buysItem,staff_of_wizardry
Magnus,type,universal_hero
Tiny,bestVersus,Phantom-Lancer
Io,hasRole,Support
dagon_2,item_name,dagon_2
Silencer,buysItem,power_treads
Sand-King,bestVersus,Lich
Phantom-Lancer,bestVersus,Dazzle
Nyx-Assassin,bestVersus,Warlock
Mars,hero_attack_type,Melee
Mars,bestVersus,Warlock
Viper,type,agile_hero
Grimstroke,bestVersus,Legion-Commander
Wraith-King,bestVersus,Outworld-Destroyer
blink,item_name,blink
Ursa,hasRole,Carry
Outworld-Destroyer,buysItem,witch_blade
Death-Prophet,buysItem,staff_of_wizardry
Rubick,bestVersus,Witch-Doctor
Keeper-of-the-Light,buysItem,spirit_vessel
Pangolier,bestVersus,Shadow-Shaman
Dazzle,bestVersus,Witch-Doctor
Tiny,hasRole,Initiator
Pudge,bestVersus,Phantom-Lancer
Faceless-Void,bestVersus,Kunkka
Necrophos,bestVersus,Juggernaut
Monkey-King,buysItem,mithril_hammer
Venomancer,buysItem,mekansm
Rubick,bestVersus,Arc-Warden
aghanims_shard,item_name,aghanims_shard
Enchantress,hero_attack_type,Ranged
blade_of_alacrity,type,item
Earth-Spirit,relativeTo,Storm-Spirit
Dawnbreaker,bestVersus,Viper
Legion-Commander,buysItem,blink
Witch-Doctor,bestVersus,Spirit-Breaker
Luna,hasRole,Pusher
Pudge,hasRole,Initiator
Batrider,buysItem,blink
universal_hero,type,Class
Witch-Doctor,buysItem,aghanims_shard
Tusk,bestVersus,Legion-Commander
Visage,hero_name,Visage
Mirana,bestVersus,Brewmaster
Venomancer,bestVersus,Dawnbreaker
Keeper-of-the-Light,hero_attack_type,Ranged
Leshrac,bestVersus,Bounty-Hunter
Storm-Spirit,buysItem,blitz_knuckles
Dragon-Knight,relativeTo,Winter-Wyvern
Shadow-Fiend,bestVersus,Razor
Undying,bestVersus,Spectre
Windranger,bestVersus,Lich
Faceless-Void,buysItem,mithril_hammer
Phoenix,hasRole,Nuker
Disabler,role_name,Disabler
Bounty-Hunter,buysItem,point_booster
Earth-Spirit,hasRole,Durable
Enigma,hasRole,Disabler
Tinker,buysItem,arcane_boots
Gyrocopter,buysItem,staff_of_wizardry
Underlord,hasRole,Disabler
Terrorblade,hasRole,Pusher
Troll-Warlord,hasRole,Carry
Naga-Siren,bestVersus,Night-Stalker
Tinker,hasRole,Carry
Beastmaster,bestVersus,Huskar
Winter-Wyvern,bestVersus,Spectre
Mars,bestVersus,Earthshaker
intellectual_hero,subClassOf,hero
dagon_2,type,item
Lifestealer,hasRole,Escape
Puck,bestVersus,Tinker
ogre_axe,type,item
Kunkka,bestVersus,Silencer
Rubick,bestVersus,Phantom-Lancer
Morphling,bestVersus,Ringmaster
Alchemist,hasRole,Carry
Treant-Protector,hasRole,Disabler
Grimstroke,type,intellectual_hero
Enigma,hasRole,Pusher
Bristleback,bestVersus,Medusa
Legion-Commander,hasRole,Durable
Ursa,bestVersus,Void-Spirit
Huskar,buysItem,blade_of_alacrity
Outworld-Destroyer,hero_name,Outworld-Destroyer
Ember-Spirit,buysItem,mithril_hammer
Troll-Warlord,bestVersus,Keeper-of-the-Light
Timbersaw,hasRole,Escape
Troll-Warlord,bestVersus,Undying
Snapfire,buysItem,arcane_boots
Luna,type,agile_hero
Skywrath-Mage,hasRole,Support
Spirit-Breaker,buysItem,broadsword
Timbersaw,buysItem,staff_of_wizardry
Wraith-King,buysItem,blink
Oracle,hasRole,Disabler
Monkey-King,bestVersus,Visage
Ringmaster,bestVersus,Night-Stalker
Earth-Spirit,bestVersus,Viper
Kez,hero_attack_type,Melee
Carry,role_name,Carry
Phantom-Lancer,buysItem,blade_of_alacrity
claymore,type,item
Arc-Warden,bestVersus,Axe
Ember-Spirit,bestVersus,Phantom-Assassin
Queen-of-Pain,hero_name,Queen-of-Pain
Windranger,buysItem,mithril_hammer
Durable,role_name,Durable
Enigma,buysItem,boots_of_bearing
Troll-Warlord,bestVersus,Arc-Warden
Meepo,buysItem,ogre_axe
Doom,bestVersus,Bane
echo_sabre,item_name,echo_sabre
Warlock,bestVersus,Anti-Mage
Chen,bestVersus,Drow-Ranger
Meepo,hasRole,Pusher
Clockwerk,bestVersus,Spirit-Breaker
Silencer,bestVersus,Lich
Lycan,buysItem,ogre_axe
Necrophos,hasRole,Durable
Monkey-King,bestVersus,Marci
Skywrath-Mage,bestVersus,Razor
Slardar,buysItem,ogre_axe
blade_of_alacrity,item_name,blade_of_alacrity
Necrophos,bestVersus,Oracle
Faceless-Void,hasRole,Carry
Tinker,bestVersus,Elder-Titan
Venomancer,bestVersus,Drow-Ranger
Tinker,bestVersus,Dark-Seer
Puck,bestVersus,Vengeful-Spirit
Slardar,type,strong_hero
Alchemist,bestVersus,Drow-Ranger
Zeus,type,intellectual_hero
Gyrocopter,type,agile_hero
Venomancer,buysItem,staff_of_wizardry
Luna,bestVersus,Grimstroke
Wraith-King,hasRole,Durable
Kez,hero_name,Kez
Sand-King,buysItem,soul_booster
Luna,buysItem,yasha
Invoker,buysItem,blade_of_alacrity
Brewmaster,bestVersus,Muerta
Meepo,bestVersus,Arc-Warden
Clinkz,bestVersus,Slark
Mars,hasRole,Disabler
Oracle,bestVersus,Sniper
Faceless-Void,bestVersus,Marci
Shadow-Shaman,type,intellectual_hero
Earthshaker,hasRole,Nuker
Ringmaster,type,intellectual_hero
Sand-King,bestVersus,Meepo
Sand-King,buysItem,bloodstone
Lycan,bestVersus,Arc-Warden
Shadow-Demon,bestVersus,Shadow-Fiend
Batrider,bestVersus,Dazzle
Lycan,bestVersus,Juggernaut
Ursa,type,agile_hero
witch_blade,type,item
Snapfire,hasRole,Escape
Centaur-Warrunner,bestVersus,Axe
Ogre-Magi,buysItem,arcane_boots
Treant-Protector,bestVersus,Monkey-King
Bounty-Hunter,hero_name,Bounty-Hunter
Undying,hero_attack_type,Melee
Crystal-Maiden,bestVersus,Anti-Mage
Earth-Spirit,type,strong_hero
Enigma,hasRole,Initiator
Silencer,hero_attack_type,Ranged
Warlock,hasRole,Disabler
Earthshaker,type,strong_hero
power_treads,item_name,power_treads
Hoodwink,bestVersus,Arc-Warden
Ursa,buysItem,bfury
Kunkka,buysItem,ogre_axe
Slark,bestVersus,Skywrath-Mage
Snapfire,hero_attack_type,Ranged
Crystal-Maiden,hasRole,Nuker
Storm-Spirit,bestVersus,Skywrath-Mage
Sven,type,strong_hero
Tusk,bestVersus,Arc-Warden
Leshrac,bestVersus,Elder-Titan
Underlord,bestVersus,Tidehunter
Io,hasRole,Nuker
Morphling,hasRole,Escape
Enigma,type,universal_hero
Anti-Mage,type,agile_hero
Leshrac,hasRole,Disabler
pavise,item_name,pavise
radiance,item_name,radiance
Dark-Seer,bestVersus,Dazzle
Meepo,hasRole,Initiator
Enigma,bestVersus,Skywrath-Mage
Shadow-Demon,hero_name,Shadow-Demon
Ancient-Apparition,bestVersus,Phoenix
Morphling,bestVersus,Tusk
Bristleback,bestVersus,Witch-Doctor
Puck,buysItem,witch_blade
Lion,hasRole,Nuker
Slark,bestVersus,Tinker
Undying,buysItem,pavise
Sand-King,buysItem,blink
Centaur-Warrunner,buysItem,blade_mail
Leshrac,hasRole,Pusher
Vengeful-Spirit,bestVersus,Anti-Mage
Keeper-of-the-Light,hero_name,Keeper-of-the-Light
Grimstroke,buysItem,aether_lens
Beastmaster,bestVersus,Lich
mithril_hammer,type,item
Shadow-Shaman,bestVersus,Arc-Warden
Necrophos,hero_name,Necrophos
Techies,type,universal_hero
Templar-Assassin,buysItem,mithril_hammer
Chaos-Knight,bestVersus,Meepo
Bloodseeker,bestVersus,Doom
Mars,buysItem,mithril_hammer
Crystal-Maiden,hasRole,Disabler
Beastmaster,bestVersus,Abaddon
Vengeful-Spirit,hasRole,Nuker
Puck,bestVersus,Witch-Doctor
hero_attack_type,domain,hero
Elder-Titan,bestVersus,Drow-Ranger
Lycan,hasRole,Durable
Underlord,bestVersus,Viper
Warlock,bestVersus,Drow-Ranger
Invoker,buysItem,dragon_lance
Medusa,bestVersus,Silencer
Elder-Titan,buysItem,staff_of_wizardry
Treant-Protector,hero_attack_type,Melee
Phantom-Lancer,bestVersus,Tinker
Wraith-King,type,strong_hero
Shadow-Demon,bestVersus,Silencer
Tusk,hasRole,Initiator
Night-Stalker,bestVersus,Phantom-Assassin
Death-Prophet,bestVersus,Omniknight
Naga-Siren,hasRole,Support
Lycan,bestVersus,Oracle
Naga-Siren,bestVersus,Pugna
Clockwerk,bestVersus,Slardar
Bounty-Hunter,bestVersus,Tinker
Lion,hasRole,Disabler
Wraith-King,buysItem,armlet
Pangolier,hasRole,Disabler
Arc-Warden,bestVersus,Witch-Doctor
Skywrath-Mage,bestVersus,Bristleback
Warlock,bestVersus,Monkey-King
Disruptor,hasRole,Support
Kunkka,bestVersus,Phantom-Lancer
Medusa,type,agile_hero
Brewmaster,bestVersus,Drow-Ranger
shadow_amulet,type,item
Anti-Mage,hasRole,Nuker
Lich,bestVersus,Razor
vitality_booster,type,item
Faceless-Void,type,agile_hero
Spectre,bestVersus,Razor
Clockwerk,bestVersus,Anti-Mage
Templar-Assassin,bestVersus,Bloodseeker
Bristleback,hasRole,Initiator
Enigma,bestVersus,Medusa
Kunkka,hasRole,Initiator
Skywrath-Mage,hasRole,Nuker
Sven,bestVersus,Drow-Ranger
Juggernaut,hasRole,Carry
Enchantress,bestVersus,Grimstroke
Centaur-Warrunner,hasRole,Disabler
Keeper-of-the-Light,hasRole,Support
Lich,bestVersus,Enigma
Clockwerk,hasRole,Nuker
Vengeful-Spirit,hasRole,Disabler
Marci,hasRole,Support
Slark,buysItem,diffusal_blade
Undying,bestVersus,Skywrath-Mage
mask_of_madness,item_name,mask_of_madness
ancient_janggo,item_name,ancient_janggo
Abaddon,bestVersus,Phantom-Lancer
Ogre-Magi,bestVersus,Spectre
Visage,bestVersus,Riki
Axe,bestVersus,Naga-Siren
vladmir,type,item
Chen,bestVersus,Necrophos
Bristleback,bestVersus,Tidehunter
Bounty-Hunter,bestVersus,Medusa
Witch-Doctor,bestVersus,Keeper-of-the-Light
Omniknight,hasRole,Support
Invoker,bestVersus,Sven
Anti-Mage,buysItem,diadem
Hoodwink,buysItem,rod_of_atos
Winter-Wyvern,bestVersus,Skywrath-Mage
Puck,hasRole,Initiator
force_staff,item_name,force_staff
Shadow-Shaman,bestVersus,Tidehunter
Shadow-Fiend,bestVersus,Spectre
Dark-Seer,hero_name,Dark-Seer
Vengeful-Spirit,bestVersus,Io
aether_lens,type,item
Chen,bestVersus,Snapfire
Invoker,bestVersus,Abaddon
Natures-Prophet,bestVersus,Drow-Ranger
Phoenix,buysItem,pavise
Disruptor,buysItem,shadow_amulet
Pugna,bestVersus,Lich
Vengeful-Spirit,bestVersus,Ancient-Apparition
Natures-Prophet,hasRole,Escape
Axe,hasRole,Carry
boots_of_bearing,item_name,boots_of_bearing
Phantom-Assassin,bestVersus,Axe
Nuker,role_name,Nuker
Winter-Wyvern,bestVersus,Warlock
Riki,bestVersus,Disruptor
Night-Stalker,bestVersus,Meepo
Witch-Doctor,bestVersus,Drow-Ranger
Razor,buysItem,mithril_hammer
Ursa,bestVersus,Pugna
Abaddon,hasRole,Durable
Mirana,hasRole,Nuker
Ember-Spirit,hasRole,Initiator
Lich,bestVersus,Ringmaster
Riki,bestVersus,Huskar
Necrophos,bestVersus,Sven
Spirit-Breaker,hasRole,Carry
Natures-Prophet,hero_attack_type,Ranged
Slark,buysItem,ogre_axe
blitz_knuckles,type,item
Storm-Spirit,buysItem,ogre_axe
Vengeful-Spirit,bestVersus,Drow-Ranger
Anti-Mage,bestVersus,Faceless-Void
Earth-Spirit,hero_attack_type,Melee
Pusher,role_name,Pusher
power_treads,type,item
Kunkka,bestVersus,Slark
Visage,bestVersus,Bloodseeker
Earthshaker,hero_attack_type,Melee
Pangolier,hasRole,Initiator
Medusa,buysItem,claymore
Monkey-King,buysItem,maelstrom
Bane,bestVersus,Bristleback
Hoodwink,buysItem,vitality_booster
Weaver,bestVersus,Night-Stalker
Riki,buysItem,point_booster
Jakiro,bestVersus,Phoenix
Windranger,bestVersus,Dazzle
Naga-Siren,type,agile_hero
Nyx-Assassin,buysItem,dagon_2
Pudge,bestVersus,Ringmaster
Pugna,bestVersus,Clinkz
Night-Stalker,hero_name,Night-Stalker
Ember-Spirit,relativeTo,Earth-Spirit
Pugna,bestVersus,Phantom-Assassin
Phantom-Assassin,bestVersus,Anti-Mage
Slardar,buysItem,aghanims_shard
Undying,bestVersus,Mars
Dark-Willow,buysItem,blink
Juggernaut,buysItem,yasha
Bane,hasRole,Nuker
Mars,buysItem,blink
Clockwerk,buysItem,solar_crest
Anti-Mage,bestVersus,Death-Prophet
Mirana,hasRole,Disabler
Phoenix,type,universal_hero
Broodmother,bestVersus,Dazzle
intellectual_hero,type,Class
Doom,bestVersus,Silencer
Bounty-Hunter,buysItem,ogre_axe
Sven,bestVersus,Huskar
Batrider,bestVersus,Axe
Night-Stalker,buysItem,ogre_axe
Venomancer,hasRole,Support
Shadow-Demon,bestVersus,Juggernaut
Alchemist,hasRole,Support
Chaos-Knight,buysItem,oblivion_staff
Nyx-Assassin,buysItem,diadem
Nuker,type,role
Venomancer,bestVersus,Lich
Primal-Beast,buysItem,blade_mail
Razor,bestVersus,Visage
mithril_hammer,item_name,mithril_hammer
Techies,buysItem,ogre_axe
Io,bestVersus,Morphling
Chaos-Knight,bestVersus,Dazzle
Pugna,bestVersus,Bloodseeker
Spirit-Breaker,hasRole,Escape
Spirit-Breaker,bestVersus,Elder-Titan
Enigma,bestVersus,Arc-Warden
Silencer,hasRole,Initiator
Bloodseeker,bestVersus,Ancient-Apparition
Tiny,hasRole,Carry
Terrorblade,type,agile_hero
Earth-Spirit,hero_name,Earth-Spirit
Snapfire,hasRole,Support
Muerta,hasRole,Carry
Alchemist,bestVersus,Riki
Earth-Spirit,buysItem,blade_mail
Primal-Beast,bestVersus,Huskar
Underlord,bestVersus,Riki
Doom,buysItem,ancient_janggo
Elder-Titan,bestVersus,Necrophos
Beastmaster,buysItem,ogre_axe
Viper,bestVersus,Shadow-Shaman
Silencer,bestVersus,Dazzle
Legion-Commander,bestVersus,Night-Stalker
Slark,bestVersus,Phantom-Lancer
Invoker,bestVersus,Outworld-Destroyer
Morphling,bestVersus,Omniknight
Magnus,hasRole,Escape
Bane,hasRole,Disabler
Wraith-King,hero_attack_type,Melee
Queen-of-Pain,bestVersus,Ursa
Pugna,bestVersus,Outworld-Destroyer
Skywrath-Mage,type,intellectual_hero
Legion-Commander,buysItem,blade_mail
Chaos-Knight,type,strong_hero
Terrorblade,relativeTo,Natures-Prophet
Disruptor,hasRole,Nuker
Bloodseeker,bestVersus,Drow-Ranger
Snapfire,type,universal_hero
Clinkz,hasRole,Carry
Chaos-Knight,hero_name,Chaos-Knight
Bane,relativeTo,Faceless-Void
Visage,hasRole,Nuker
Phoenix,bestVersus,Silencer
Vengeful-Spirit,buysItem,blade_of_alacrity
Phantom-Assassin,hasRole,Carry
Tidehunter,bestVersus,Chaos-Knight
Lone-Druid,hero_attack_type,Ranged
Death-Prophet,hasRole,Nuker
Lich,hero_name,Lich
Ogre-Magi,bestVersus,Omniknight
Treant-Protector,hero_name,Treant-Protector
Keeper-of-the-Light,hasRole,Nuker
Terrorblade,bestVersus,Anti-Mage
Natures-Prophet,buysItem,staff_of_wizardry
hasRole,range,role
Lycan,bestVersus,Sven
Lifestealer,buysItem,radiance
Mars,relativeTo,Zeus
orchid,item_name,orchid
Medusa,hasRole,Durable
Dazzle,bestVersus,Bristleback
Omniknight,hasRole,Nuker
Lich,hero_attack_type,Ranged
Underlord,bestVersus,Techies
Bane,bestVersus,Sniper
Anti-Mage,buysItem,blade_of_alacrity
Earth-Spirit,hasRole,Disabler
Ogre-Magi,hasRole,Support
Dazzle,bestVersus,Mirana
Gyrocopter,bestVersus,Anti-Mage
Spectre,bestVersus,Chaos-Knight
Lifestealer,hero_name,Lifestealer
Shadow-Demon,bestVersus,Oracle
Void-Spirit,bestVersus,Death-Prophet
Doom,buysItem,ogre_axe
Void-Spirit,relativeTo,Ember-Spirit
Legion-Commander,bestVersus,Terrorblade
Clockwerk,hero_attack_type,Melee
Pusher,type,role
Chen,bestVersus,Outworld-Destroyer
Huskar,hasRole,Durable
Gyrocopter,hasRole,Nuker
Muerta,hero_attack_type,Ranged
Alchemist,bestVersus,Phoenix
Outworld-Destroyer,hasRole,Carry
Night-Stalker,bestVersus,Dazzle
Winter-Wyvern,bestVersus,Arc-Warden
Viper,hero_name,Viper
Io,bestVersus,Lone-Druid
Legion-Commander,hasRole,Disabler
Batrider,hasRole,Disabler
Omniknight,type,strong_hero
Bloodseeker,hero_name,Bloodseeker
Morphling,hero_attack_type,Ranged
Timbersaw,bestVersus,Anti-Mage
Phantom-Assassin,hasRole,Escape
Medusa,bestVersus,Beastmaster
Troll-Warlord,bestVersus,Ursa
Beastmaster,hasRole,Initiator
Natures-Prophet,relativeTo,Enchantress
Elder-Titan,bestVersus,Riki
Monkey-King,hero_attack_type,Melee
Spectre,bestVersus,Lina
Zeus,bestVersus,Riki
Queen-of-Pain,hasRole,Escape
Elder-Titan,bestVersus,Razor
Abaddon,buysItem,pavise
Timbersaw,hasRole,Nuker
Razor,hasRole,Durable
Lifestealer,buysItem,ogre_axe
Earth-Spirit,bestVersus,Spectre
Necrophos,hasRole,Disabler
Dazzle,buysItem,staff_of_wizardry
Phantom-Lancer,bestVersus,Viper
Earthshaker,bestVersus,Kunkka
Pudge,bestVersus,Spectre
Gyrocopter,hasRole,Disabler
Troll-Warlord,bestVersus,Bristleback
Sand-King,bestVersus,Warlock
solar_crest,item_name,solar_crest
Ursa,bestVersus,Dawnbreaker
Spectre,bestVersus,Dazzle
Troll-Warlord,hero_name,Troll-Warlord
Snapfire,hero_name,Snapfire
Sand-King,bestVersus,Tinker
Mirana,buysItem,blade_of_alacrity
Omniknight,bestVersus,Io
Bloodseeker,bestVersus,Huskar
diadem,item_name,diadem
Shadow-Demon,bestVersus,Wraith-King
Rubick,hero_attack_type,Ranged
Wraith-King,hasRole,Disabler
Dazzle,hero_attack_type,Ranged
Earthshaker,bestVersus,Sand-King
Spirit-Breaker,buysItem,blitz_knuckles
role,type,Class
Shadow-Fiend,hero_attack_type,Ranged
Morphling,type,agile_hero
Ursa,hero_name,Ursa
Tidehunter,bestVersus,Terrorblade
Outworld-Destroyer,buysItem,staff_of_wizardry
Monkey-King,bestVersus,Medusa
Tinker,hasRole,Nuker
Enchantress,bestVersus,Earthshaker
Luna,bestVersus,Drow-Ranger
Venomancer,hasRole,Nuker
Nyx-Assassin,hero_attack_type,Melee
Alchemist,hasRole,Nuker
Monkey-King,bestVersus,Earthshaker
Bristleback,bestVersus,Lycan
Undying,hasRole,Durable
Omniknight,buysItem,solar_crest
Viper,hasRole,Carry
Meepo,hasRole,Carry
Witch-Doctor,hasRole,Support
Dawnbreaker,hero_attack_type,Melee
Zeus,bestVersus,Bloodseeker
Winter-Wyvern,type,universal_hero
Phoenix,bestVersus,Arc-Warden
Sand-King,bestVersus,Medusa
Rubick,bestVersus,Spectre
Crystal-Maiden,bestVersus,Sand-King
Tinker,buysItem,diadem
Clockwerk,bestVersus,Snapfire
Tusk,bestVersus,Ursa
Luna,hero_attack_type,Ranged
Dark-Seer,bestVersus,Arc-Warden
Huskar,type,strong_hero
Mars,bestVersus,Ursa
Puck,buysItem,oblivion_staff
Ursa,bestVersus,Faceless-Void
Slardar,hasRole,Carry
Broodmother,hero_attack_type,Melee
Sniper,bestVersus,Razor
Enchantress,type,intellectual_hero
Treant-Protector,buysItem,blink
Legion-Commander,hasRole,Initiator
Ogre-Magi,bestVersus,Mars
Troll-Warlord,hasRole,Disabler
Timbersaw,bestVersus,Faceless-Void
Tinker,hero_name,Tinker
Grimstroke,hasRole,Nuker
Sven,bestVersus,Bloodseeker
Riki,buysItem,diffusal_blade
Drow-Ranger,bestVersus,Phantom-Lancer
Riki,bestVersus,Meepo
Centaur-Warrunner,bestVersus,Riki
hero_name,range,string
Natures-Prophet,bestVersus,Clinkz
Vengeful-Spirit,bestVersus,Riki
Arc-Warden,buysItem,maelstrom
Natures-Prophet,bestVersus,Phantom-Assassin
Mirana,bestVersus,Necrophos
Phoenix,bestVersus,Phantom-Lancer
Spectre,buysItem,blade_of_alacrity
Shadow-Shaman,bestVersus,Ursa
Phantom-Lancer,hero_name,Phantom-Lancer
Lina,bestVersus,Dawnbreaker
Viper,buysItem,staff_of_wizardry
Dark-Seer,bestVersus,Phantom-Lancer
Witch-Doctor,buysItem,shadow_amulet
Meepo,hasRole,Escape
Oracle,hasRole,Escape
Ancient-Apparition,bestVersus,Axe
Monkey-King,hasRole,Disabler
Crystal-Maiden,bestVersus,Bloodseeker
Sven,bestVersus,Visage
Primal-Beast,hero_name,Primal-Beast
Nyx-Assassin,hasRole,Nuker
kaya,type,item
Treant-Protector,hasRole,Durable
Tinker,bestVersus,Faceless-Void
Bristleback,hasRole,Carry
Axe,bestVersus,Riki
Kunkka,hasRole,Carry
Brewmaster,bestVersus,Meepo
Weaver,type,agile_hero
Naga-Siren,bestVersus,Huskar
Lycan,bestVersus,Void-Spirit
Drow-Ranger,bestVersus,Tidehunter
Troll-Warlord,bestVersus,Spectre
Vengeful-Spirit,hero_name,Vengeful-Spirit
Doom,bestVersus,Slark
Lina,hasRole,Carry
Disruptor,bestVersus,Huskar
Faceless-Void,hasRole,Disabler
Sand-King,hasRole,Disabler
Legion-Commander,bestVersus,Tinker
Elder-Titan,hasRole,Nuker
Lycan,hasRole,Pusher
Witch-Doctor,bestVersus,Bloodseeker
mage_slayer,type,item
Hoodwink,hasRole,Escape
Hoodwink,buysItem,staff_of_wizardry
Shadow-Demon,buysItem,glimmer_cape
Dark-Seer,type,universal_hero
holy_locket,item_name,holy_locket
Bane,buysItem,aether_lens
Slardar,buysItem,blink
Shadow-Shaman,hasRole,Nuker
Puck,bestVersus,Bristleback
Techies,bestVersus,Lone-Druid
Keeper-of-the-Light,bestVersus,Huskar
Chaos-Knight,buysItem,blitz_knuckles
Ogre-Magi,type,strong_hero
Lina,bestVersus,Witch-Doctor
Terrorblade,buysItem,blade_of_alacrity
Naga-Siren,hero_name,Naga-Siren
Nyx-Assassin,bestVersus,Timbersaw
Kunkka,bestVersus,Jakiro
Doom,bestVersus,Huskar
Skywrath-Mage,bestVersus,Mars
Nyx-Assassin,hasRole,Disabler
Treant-Protector,bestVersus,Bane
Meepo,bestVersus,Spectre
Hoodwink,hero_attack_type,Ranged
Venomancer,bestVersus,Dazzle
Bane,type,universal_hero
Omniknight,bestVersus,Huskar
Lich,hasRole,Support
Broodmother,hero_name,Broodmother
Faceless-Void,bestVersus,Ancient-Apparition
Io,bestVersus,Meepo
Sand-King,bestVersus,Witch-Doctor
Spirit-Breaker,buysItem,shadow_amulet
Lone-Druid,type,universal_hero
Gyrocopter,buysItem,blade_of_alacrity
Slark,bestVersus,Abaddon
Templar-Assassin,hero_attack_type,Ranged
Windranger,hasRole,Disabler
Terrorblade,hero_name,Terrorblade
Clockwerk,bestVersus,Phantom-Assassin
Medusa,bestVersus,Abaddon
Ember-Spirit,hasRole,Carry
Grimstroke,bestVersus,Spectre
Kunkka,buysItem,staff_of_wizardry
Sand-King,bestVersus,Arc-Warden
Earthshaker,buysItem,blink
Elder-Titan,bestVersus,Tusk
Dark-Seer,bestVersus,Viper
Chaos-Knight,bestVersus,Queen-of-Pain
Ancient-Apparition,type,intellectual_hero
oblivion_staff,type,item
Shadow-Shaman,hasRole,Disabler
Sand-King,hero_name,Sand-King
Sven,buysItem,ogre_axe
Shadow-Fiend,bestVersus,Arc-Warden
Chaos-Knight,bestVersus,Dawnbreaker
Shadow-Fiend,bestVersus,Juggernaut
guardian_greaves,type,item
Undying,bestVersus,Lone-Druid
Silencer,type,intellectual_hero
Zeus,bestVersus,Chaos-Knight
Puck,hasRole,Escape
Terrorblade,buysItem,aghanims_shard
Initiator,type,role
Lina,hero_attack_type,Ranged
Broodmother,hasRole,Pusher
Disruptor,bestVersus,Lone-Druid
Windranger,bestVersus,Undying
Hoodwink,hero_name,Hoodwink
Death-Prophet,bestVersus,Necrophos
Anti-Mage,bestVersus,Visage
Drow-Ranger,bestVersus,Wraith-King
Juggernaut,bestVersus,Bristleback
Silencer,bestVersus,Dawnbreaker
Ancient-Apparition,hasRole,Disabler
Sand-King,bestVersus,Phantom-Lancer
Storm-Spirit,bestVersus,Clinkz
Medusa,hero_attack_type,Ranged
Chaos-Knight,hasRole,Carry
Storm-Spirit,bestVersus,Phantom-Assassin
Dragon-Knight,hasRole,Carry
Arc-Warden,hasRole,Escape
Luna,bestVersus,Snapfire
Witch-Doctor,hasRole,Nuker
Puck,hero_attack_type,Ranged
Earthshaker,bestVersus,Chaos-Knight
Phantom-Assassin,bestVersus,Lich
Enchantress,hero_name,Enchantress
Phantom-Lancer,bestVersus,Lycan
Dragon-Knight,bestVersus,Pangolier
Riki,bestVersus,Templar-Assassin
Ember-Spirit,hasRole,Escape
Sand-King,hasRole,Initiator
Tinker,bestVersus,Disruptor
Troll-Warlord,buysItem,blade_of_alacrity
Broodmother,bestVersus,Arc-Warden
Ogre-Magi,bestVersus,Death-Prophet
Dragon-Knight,relativeTo,Jakiro
Silencer,hasRole,Carry
Phantom-Assassin,bestVersus,Riki
Zeus,bestVersus,Night-Stalker
Bounty-Hunter,bestVersus,Techies
Elder-Titan,bestVersus,Bane
Lifestealer,bestVersus,Winter-Wyvern
Dazzle,hasRole,Support
Arc-Warden,hero_attack_type,Ranged
Necrophos,bestVersus,Spirit-Breaker
Tinker,bestVersus,Huskar
Faceless-Void,relativeTo,Bane
Terrorblade,relativeTo,Enchantress
Gyrocopter,bestVersus,Necrophos
Axe,bestVersus,Bristleback
Clockwerk,bestVersus,Meepo
Ancient-Apparition,bestVersus,Undying
Gyrocopter,bestVersus,Treant-Protector
Pangolier,bestVersus,Drow-Ranger
Pangolier,hasRole,Escape
Sand-King,type,universal_hero
Weaver,bestVersus,Ancient-Apparition
Disruptor,bestVersus,Sven
Brewmaster,hasRole,Initiator
Naga-Siren,bestVersus,Lich
Crystal-Maiden,relativeTo,Lina
Riki,bestVersus,Brewmaster
Dazzle,type,universal_hero
Spectre,bestVersus,Medusa
Snapfire,bestVersus,Wraith-King
Lone-Druid,buysItem,diffusal_blade
staff_of_wizardry,type,item
Snapfire,bestVersus,Huskar
Slark,hasRole,Carry
Shadow-Demon,buysItem,arcane_boots
Naga-Siren,bestVersus,Abaddon
Bloodseeker,bestVersus,Outworld-Destroyer
Weaver,hero_name,Weaver
Storm-Spirit,hasRole,Carry
Enchantress,relativeTo,Terrorblade
Centaur-Warrunner,hasRole,Escape
hand_of_midas,type,item
Luna,bestVersus,Lich
mekansm,type,item
Mirana,bestVersus,Outworld-Destroyer
Earthshaker,bestVersus,Dazzle
Windranger,hero_name,Windranger
Jakiro,bestVersus,Medusa
bestVersus,range,hero
Faceless-Void,buysItem,blade_of_alacrity
Dragon-Knight,bestVersus,Phantom-Lancer
Legion-Commander,bestVersus,Arc-Warden
Magnus,bestVersus,Anti-Mage
Weaver,bestVersus,Death-Prophet
Sven,bestVersus,Dazzle
Silencer,buysItem,staff_of_wizardry
Zeus,buysItem,point_booster
Pugna,bestVersus,Warlock
Skywrath-Mage,bestVersus,Phantom-Lancer
Death-Prophet,bestVersus,Riki
Rubick,bestVersus,Tinker
Sniper,bestVersus,Spectre
Phantom-Lancer,bestVersus,Bristleback
Omniknight,bestVersus,Lich
Muerta,buysItem,vitality_booster
Primal-Beast,hasRole,Initiator
Pugna,bestVersus,Axe
Magnus,hasRole,Nuker
Batrider,bestVersus,Razor
Spirit-Breaker,type,strong_hero
Night-Stalker,hasRole,Carry
Terrorblade,bestVersus,Abaddon
hasRole,type,ObjectProperty
Dark-Seer,buysItem,pipe
Lion,bestVersus,Bane
Dark-Willow,hero_name,Dark-Willow
Dark-Willow,bestVersus,Witch-Doctor
Io,bestVersus,Dazzle
Puck,bestVersus,Terrorblade
Slark,bestVersus,Dark-Seer
Natures-Prophet,bestVersus,Dazzle
Venomancer,buysItem,guardian_greaves
Luna,bestVersus,Phantom-Assassin
Elder-Titan,hero_attack_type,Melee
Lina,buysItem,ogre_axe
Phantom-Assassin,bestVersus,Outworld-Destroyer
Templar-Assassin,bestVersus,Arc-Warden
Marci,buysItem,mithril_hammer
Ogre-Magi,bestVersus,Huskar
Viper,bestVersus,Pugna
Lion,bestVersus,Dazzle
Shadow-Demon,hasRole,Disabler
Centaur-Warrunner,bestVersus,Night-Stalker
Storm-Spirit,bestVersus,Void-Spirit
Bloodseeker,buysItem,ogre_axe
Huskar,bestVersus,Dawnbreaker
Night-Stalker,bestVersus,Arc-Warden
Clockwerk,hasRole,Durable
Tiny,hasRole,Nuker
Snapfire,bestVersus,Lone-Druid
Chen,bestVersus,Broodmother
Underlord,bestVersus,Skywrath-Mage
sange,item_name,sange
yasha,type,item
Viper,bestVersus,Spirit-Breaker
Phoenix,hero_name,Phoenix
Skywrath-Mage,bestVersus,Oracle
Muerta,hasRole,Nuker
Drow-Ranger,hero_name,Drow-Ranger
Hoodwink,bestVersus,Omniknight
Spirit-Breaker,bestVersus,Io
Oracle,bestVersus,Abaddon
Terrorblade,bestVersus,Phantom-Assassin
Omniknight,bestVersus,Phantom-Assassin
Spectre,hasRole,Carry
Primal-Beast,type,strong_hero
Axe,hero_name,Axe
Tidehunter,bestVersus,Juggernaut
Undying,buysItem,arcane_boots
Jakiro,hasRole,Disabler
shadow_amulet,item_name,shadow_amulet
Bounty-Hunter,hasRole,Escape
Bounty-Hunter,buysItem,staff_of_wizardry
Kez,hasRole,Disabler
Enigma,hero_attack_type,Ranged
Snapfire,bestVersus,Underlord
Tiny,type,strong_hero
Dark-Willow,bestVersus,Phantom-Lancer
Hoodwink,hasRole,Support
Venomancer,bestVersus,Tinker
Leshrac,bestVersus,Lone-Druid
Tiny,buysItem,diadem
Winter-Wyvern,buysItem,arcane_boots
Ursa,buysItem,mithril_hammer
Clinkz,bestVersus,Muerta
Jakiro,hasRole,Pusher
Pudge,buysItem,ogre_axe
Night-Stalker,bestVersus,Phantom-Lancer
Void-Spirit,buysItem,ogre_axe
Grimstroke,bestVersus,Skywrath-Mage
Phoenix,bestVersus,Lycan
Beastmaster,bestVersus,Drow-Ranger
Phoenix,bestVersus,Bounty-Hunter
Abaddon,hero_name,Abaddon
Death-Prophet,bestVersus,Outworld-Destroyer
Sniper,buysItem,maelstrom
Mirana,bestVersus,Magnus
Slark,type,agile_hero
Razor,hasRole,Pusher
Alchemist,bestVersus,Silencer
Enchantress,hasRole,Support
Marci,bestVersus,Outworld-Destroyer
Doom,hasRole,Carry
Kunkka,hasRole,Support
Legion-Commander,bestVersus,Viper
Death-Prophet,bestVersus,Meepo
Keeper-of-the-Light,bestVersus,Marci
Invoker,hasRole,Carry
Treant-Protector,bestVersus,Silencer
Tusk,bestVersus,Skywrath-Mage
Lina,hasRole,Support
Visage,bestVersus,Arc-Warden
Razor,bestVersus,Witch-Doctor
arcane_boots,type,item
Juggernaut,hero_attack_type,Melee
Ember-Spirit,hero_name,Ember-Spirit
relativeTo,domain,hero
Earthshaker,bestVersus,Centaur-Warrunner
Tiny,bestVersus,Ancient-Apparition
Ringmaster,hero_name,Ringmaster
Spectre,bestVersus,Phantom-Lancer
Dragon-Knight,buysItem,broadsword
Pugna,hasRole,Pusher
Terrorblade,bestVersus,Meepo
Timbersaw,bestVersus,Bloodseeker
Drow-Ranger,bestVersus,Ursa
Undying,hasRole,Disabler
Monkey-King,bestVersus,Riki
Dawnbreaker,hasRole,Durable
Kunkka,hero_name,Kunkka
Outworld-Destroyer,hasRole,Nuker
Shadow-Demon,hasRole,Initiator
Bane,hasRole,Durable
Lifestealer,hasRole,Carry
Winter-Wyvern,buysItem,staff_of_wizardry
Pangolier,hero_name,Pangolier
Grimstroke,bestVersus,Silencer
Io,bestVersus,Enchantress
Meepo,type,agile_hero
Winter-Wyvern,hasRole,Disabler
Clinkz,bestVersus,Io
Shadow-Fiend,bestVersus,Underlord
Mars,bestVersus,Tinker
Dark-Willow,bestVersus,Viper
Lone-Druid,bestVersus,Oracle
Anti-Mage,hero_name,Anti-Mage
Visage,bestVersus,Phantom-Lancer
Faceless-Void,bestVersus,Riki
Oracle,bestVersus,Outworld-Destroyer
Ringmaster,hasRole,Disabler
Axe,hero_attack_type,Melee
Earth-Spirit,relativeTo,Ember-Spirit
Pudge,hero_name,Pudge
Faceless-Void,bestVersus,Razor
Zeus,hero_attack_type,Ranged
Ogre-Magi,bestVersus,Sven
Storm-Spirit,bestVersus,Brewmaster
Broodmother,bestVersus,Lifestealer
Invoker,hasRole,Escape
Spectre,hasRole,Durable
Lifestealer,bestVersus,Arc-Warden
Mars,bestVersus,Silencer
Warlock,bestVersus,Axe
Morphling,bestVersus,Bounty-Hunter
Spirit-Breaker,hero_attack_type,Melee
Chen,hasRole,Pusher
Huskar,bestVersus,Batrider
Arc-Warden,bestVersus,Skywrath-Mage
Dragon-Knight,bestVersus,Lifestealer
Clinkz,bestVersus,Drow-Ranger
Ember-Spirit,relativeTo,Void-Spirit
Clinkz,bestVersus,Death-Prophet
Leshrac,bestVersus,Phantom-Assassin
Chen,hero_name,Chen
Skywrath-Mage,hero_name,Skywrath-Mage
Razor,buysItem,yasha
Invoker,hero_attack_type,Ranged
buysItem,range,item
Visage,type,universal_hero
Enigma,buysItem,ogre_axe
Elder-Titan,bestVersus,Silencer
Visage,hasRole,Durable
Pangolier,bestVersus,Abaddon
Lina,bestVersus,Bloodseeker
mekansm,item_name,mekansm
Dawnbreaker,bestVersus,Wraith-King
Jakiro,buysItem,cyclone
Pudge,bestVersus,Oracle
Anti-Mage,bestVersus,Enchantress
Tinker,bestVersus,Meepo
Visage,bestVersus,Oracle
Chen,bestVersus,Arc-Warden
Warlock,bestVersus,Medusa
Lifestealer,bestVersus,Phantom-Lancer
hand_of_midas,item_name,hand_of_midas
Broodmother,bestVersus,Riki
Lina,bestVersus,Ringmaster
Phantom-Lancer,hero_attack_type,Melee
Underlord,buysItem,pipe
Faceless-Void,bestVersus,Bloodseeker
Ursa,buysItem,blink
Phoenix,buysItem,staff_of_wizardry
Drow-Ranger,hasRole,Disabler
Alchemist,bestVersus,Witch-Doctor
Crystal-Maiden,hero_attack_type,Ranged
Enchantress,bestVersus,Ursa
Silencer,hasRole,Support
Phoenix,hasRole,Disabler
Omniknight,hasRole,Durable
Warlock,bestVersus,Dragon-Knight
Zeus,bestVersus,Mars
dagon,type,item
Dragon-Knight,bestVersus,Riki
Alchemist,bestVersus,Arc-Warden
Venomancer,bestVersus,Juggernaut
Underlord,bestVersus,Arc-Warden
Dark-Seer,hasRole,Disabler
Dark-Seer,bestVersus,Tusk
Ember-Spirit,relativeTo,Storm-Spirit
Sniper,hero_attack_type,Ranged
Earth-Spirit,bestVersus,Morphling
Sniper,bestVersus,Warlock
Outworld-Destroyer,bestVersus,Drow-Ranger
Hoodwink,hasRole,Nuker
Tiny,hero_attack_type,Melee
Arc-Warden,bestVersus,Silencer
Lycan,buysItem,diadem
Lion,hero_attack_type,Ranged
Naga-Siren,bestVersus,Troll-Warlord
Witch-Doctor,buysItem,glimmer_cape
Ancient-Apparition,bestVersus,Razor
Sniper,bestVersus,Tinker
Natures-Prophet,bestVersus,Axe
Silencer,bestVersus,Zeus
Legion-Commander,bestVersus,Shadow-Shaman
Chaos-Knight,bestVersus,Primal-Beast
role_name,domain,role
Morphling,hasRole,Carry
Lina,hero_name,Lina
Lina,bestVersus,Venomancer
Snapfire,relativeTo,Timbersaw
Disruptor,bestVersus,Dazzle
Magnus,buysItem,aghanims_shard
Tidehunter,buysItem,aghanims_shard
Tiny,bestVersus,Huskar
Lone-Druid,buysItem,aghanims_shard
Omniknight,bestVersus,Lina
Ursa,hasRole,Durable
Leshrac,bestVersus,Meepo
Io,bestVersus,Legion-Commander
Luna,bestVersus,Dazzle
Tusk,buysItem,ogre_axe
Broodmother,bestVersus,Lycan
Lina,bestVersus,Bristleback
Silencer,bestVersus,Primal-Beast
Drow-Ranger,bestVersus,Sniper
Marci,bestVersus,Grimstroke
Axe,bestVersus,Skywrath-Mage
Slardar,hasRole,Disabler
Alchemist,bestVersus,Phantom-Lancer
Timbersaw,hasRole,Durable
Visage,bestVersus,Wraith-King
Bristleback,hasRole,Nuker
Tusk,type,strong_hero
Alchemist,buysItem,blink
Snapfire,buysItem,staff_of_wizardry
Kunkka,hasRole,Nuker
Lion,bestVersus,Silencer
relativeTo,type,ObjectProperty
Weaver,buysItem,mithril_hammer
Marci,bestVersus,Dazzle
Clinkz,buysItem,blade_of_alacrity
Lich,buysItem,aghanims_shard
Lina,hasRole,Nuker
pavise,type,item
Lion,bestVersus,Medusa
Abaddon,bestVersus,Anti-Mage
Riki,hasRole,Carry
Lifestealer,bestVersus,Viper
Weaver,hero_attack_type,Ranged
Omniknight,bestVersus,Dazzle
Morphling,bestVersus,Jakiro
Clinkz,bestVersus,Huskar
Storm-Spirit,relativeTo,Void-Spirit
Wraith-King,bestVersus,Spectre
Natures-Prophet,bestVersus,Earthshaker
Sniper,bestVersus,Earthshaker
Chen,type,universal_hero
Phantom-Lancer,bestVersus,Shadow-Fiend
Zeus,buysItem,ogre_axe
vitality_booster,item_name,vitality_booster
Anti-Mage,bestVersus,Broodmother
Dark-Seer,bestVersus,Bane
Mirana,hero_name,Mirana
Lion,bestVersus,Earthshaker
Anti-Mage,hero_attack_type,Melee
Shadow-Fiend,hasRole,Carry
Muerta,buysItem,staff_of_wizardry
Axe,bestVersus,Tinker
Bristleback,type,strong_hero
Treant-Protector,hasRole,Initiator
Support,role_name,Support
Kunkka,type,strong_hero
Slardar,bestVersus,Ancient-Apparition
Dawnbreaker,bestVersus,Underlord
Mars,bestVersus,Arc-Warden
Tinker,bestVersus,Ember-Spirit
Troll-Warlord,hasRole,Durable
Gyrocopter,bestVersus,Dazzle
Dazzle,buysItem,blade_of_alacrity
Earthshaker,hasRole,Disabler
Venomancer,type,universal_hero
Necrophos,bestVersus,Huskar
Magnus,hero_name,Magnus
Support,type,role
Crystal-Maiden,type,intellectual_hero
Grimstroke,bestVersus,Phantom-Lancer
Monkey-King,hasRole,Escape
Brewmaster,hasRole,Carry
Alchemist,hasRole,Durable
Pangolier,bestVersus,Meepo
Hoodwink,bestVersus,Ancient-Apparition
Omniknight,hero_name,Omniknight
Shadow-Demon,buysItem,shadow_amulet
Treant-Protector,bestVersus,Tidehunter
Lone-Druid,bestVersus,Shadow-Shaman
Leshrac,buysItem,ogre_axe
Spectre,bestVersus,Lifestealer
Phoenix,hasRole,Initiator
Axe,bestVersus,Silencer
Lycan,hasRole,Escape
Zeus,bestVersus,Arc-Warden
Marci,hero_name,Marci
Night-Stalker,bestVersus,Razor
Oracle,bestVersus,Dazzle
Outworld-Destroyer,bestVersus,Disruptor
Sven,hasRole,Carry
Outworld-Destroyer,buysItem,blade_of_alacrity
Enchantress,bestVersus,Chaos-Knight
Ember-Spirit,hasRole,Nuker
Timbersaw,bestVersus,Dazzle
Winter-Wyvern,relativeTo,Dragon-Knight
Lion,type,intellectual_hero
cyclone,type,item
Io,buysItem,diadem
Slardar,hero_name,Slardar
agile_hero,subClassOf,hero
Witch-Doctor,type,intellectual_hero
Sand-King,hasRole,Escape
Broodmother,bestVersus,Bristleback
Earthshaker,bestVersus,Witch-Doctor
Riki,hasRole,Escape
Weaver,bestVersus,Outworld-Destroyer
Lion,bestVersus,Naga-Siren
Bristleback,bestVersus,Ancient-Apparition
Visage,bestVersus,Lone-Druid
Earthshaker,bestVersus,Arc-Warden
Sven,bestVersus,Witch-Doctor
Dazzle,buysItem,aghanims_shard
relativeTo,type,TransitiveProperty
Mars,hasRole,Initiator
Weaver,bestVersus,Meepo
Tinker,bestVersus,Grimstroke
Huskar,hero_name,Huskar
Enchantress,bestVersus,Spectre
Faceless-Void,hasRole,Durable
Natures-Prophet,hasRole,Carry
Clockwerk,bestVersus,Earthshaker
Mirana,bestVersus,Tinker
Dark-Willow,bestVersus,Techies
Monkey-King,bestVersus,Spectre
Visage,buysItem,pipe
Timbersaw,type,strong_hero
Pudge,bestVersus,Underlord
Clinkz,buysItem,dragon_lance
Pangolier,buysItem,ogre_axe
diadem,type,item
Dragon-Knight,hasRole,Nuker
Timbersaw,buysItem,kaya
Primal-Beast,bestVersus,Ancient-Apparition
Juggernaut,buysItem,ogre_axe
Invoker,bestVersus,Lifestealer
Bristleback,bestVersus,Death-Prophet
Kunkka,bestVersus,Drow-Ranger
Warlock,hasRole,Initiator
Crystal-Maiden,bestVersus,Arc-Warden
relic,type,item
Natures-Prophet,bestVersus,Witch-Doctor
hero_name,domain,hero
Silencer,hasRole,Nuker
Phantom-Lancer,type,agile_hero
Lion,bestVersus,Undying
Broodmother,hasRole,Escape
Night-Stalker,bestVersus,Ringmaster
Underlord,hero_name,Underlord
Kez,type,agile_hero
Anti-Mage,bestVersus,Naga-Siren
Lone-Druid,buysItem,mithril_hammer
Muerta,bestVersus,Lich
Bounty-Hunter,type,agile_hero
Viper,buysItem,blade_of_alacrity
Sniper,bestVersus,Juggernaut
Earthshaker,hasRole,Initiator
Gyrocopter,hero_name,Gyrocopter
Meepo,buysItem,blade_of_alacrity
Magnus,bestVersus,Phantom-Assassin
Necrophos,bestVersus,Underlord
Earth-Spirit,bestVersus,Abaddon
Elder-Titan,hasRole,Durable
Hoodwink,bestVersus,Beastmaster
Lone-Druid,bestVersus,Clinkz
Beastmaster,bestVersus,Bloodseeker
Riki,type,agile_hero
Phantom-Assassin,bestVersus,Warlock
Techies,bestVersus,Axe
Slark,bestVersus,Anti-Mage
Viper,bestVersus,Huskar
Io,bestVersus,Drow-Ranger
Juggernaut,bestVersus,Arc-Warden
Rubick,bestVersus,Underlord
boots_of_bearing,type,item
Broodmother,bestVersus,Chaos-Knight
Chaos-Knight,hasRole,Disabler
Dragon-Knight,hasRole,Disabler
guardian_greaves,item_name,guardian_greaves
Crystal-Maiden,bestVersus,Phantom-Lancer
bloodstone,type,item
Skywrath-Mage,hasRole,Disabler
Drow-Ranger,bestVersus,Omniknight
Dark-Willow,bestVersus,Venomancer
Slark,hasRole,Nuker
Centaur-Warrunner,bestVersus,Arc-Warden
Clockwerk,hasRole,Disabler
Vengeful-Spirit,bestVersus,Arc-Warden
Storm-Spirit,hasRole,Nuker
Lina,type,intellectual_hero
Natures-Prophet,buysItem,mithril_hammer
Vengeful-Spirit,bestVersus,Juggernaut
Ember-Spirit,bestVersus,Bane
Spectre,hero_attack_type,Melee
Ancient-Apparition,bestVersus,Chaos-Knight
blade_mail,type,item
Puck,bestVersus,Oracle
Tiny,bestVersus,Phantom-Assassin
Batrider,bestVersus,Skywrath-Mage
Bounty-Hunter,bestVersus,Anti-Mage
Juggernaut,bestVersus,Phantom-Lancer
Phantom-Assassin,bestVersus,Medusa
Bloodseeker,bestVersus,Naga-Siren
Dawnbreaker,buysItem,blade_mail
Magnus,bestVersus,Visage
Tusk,bestVersus,Huskar
Lion,hasRole,Initiator
Spirit-Breaker,bestVersus,Meepo
Broodmother,bestVersus,Bane
Nyx-Assassin,bestVersus,Huskar
Techies,bestVersus,Anti-Mage
Tidehunter,hasRole,Carry
Bounty-Hunter,hasRole,Nuker
Lone-Druid,hasRole,Carry
Night-Stalker,hasRole,Nuker
Tidehunter,buysItem,vladmir
Silencer,buysItem,force_staff
Kunkka,hero_attack_type,Melee
Clinkz,buysItem,mithril_hammer
echo_sabre,type,item
Bristleback,buysItem,blade_of_alacrity
Batrider,hero_attack_type,Ranged
Luna,bestVersus,Tinker
Storm-Spirit,hasRole,Disabler
Pangolier,bestVersus,Dazzle
Troll-Warlord,bestVersus,Underlord
Viper,bestVersus,Necrophos
item_name,range,string
ultimate_scepter,type,item
Centaur-Warrunner,hasRole,Initiator
Bloodseeker,hasRole,Carry
Witch-Doctor,bestVersus,Tidehunter
Marci,hero_attack_type,Melee
blitz_knuckles,item_name,blitz_knuckles
Lone-Druid,bestVersus,Meepo
Vengeful-Spirit,hasRole,Initiator
Silencer,bestVersus,Spectre
Faceless-Void,buysItem,maelstrom
Alchemist,bestVersus,Shadow-Shaman
Chen,bestVersus,Riki
Keeper-of-the-Light,bestVersus,Axe
Pugna,bestVersus,Techies
Marci,bestVersus,Axe
Omniknight,hero_attack_type,Melee
Dark-Willow,hasRole,Escape
Templar-Assassin,hasRole,Escape
Beastmaster,hasRole,Nuker
Viper,buysItem,dragon_lance
Axe,buysItem,blink
Abaddon,bestVersus,Disruptor
Wraith-King,bestVersus,Skywrath-Mage
Oracle,bestVersus,Nyx-Assassin
Arc-Warden,bestVersus,Slark
Necrophos,hero_attack_type,Ranged
Batrider,bestVersus,Silencer
Tiny,bestVersus,Outworld-Destroyer
Shadow-Demon,bestVersus,Ancient-Apparition
Night-Stalker,hasRole,Disabler
Nyx-Assassin,buysItem,dagon
Earthshaker,hero_name,Earthshaker
Jakiro,bestVersus,Bristleback
Dark-Willow,hero_attack_type,Ranged
Magnus,bestVersus,Dark-Willow
Batrider,bestVersus,Medusa
Disruptor,bestVersus,Dragon-Knight
point_booster,type,item
Anti-Mage,buysItem,yasha
Bristleback,buysItem,aghanims_shard
Enigma,bestVersus,Ancient-Apparition
Windranger,buysItem,maelstrom
Void-Spirit,hasRole,Carry
Omniknight,bestVersus,Legion-Commander
Muerta,bestVersus,Meepo
Natures-Prophet,relativeTo,Terrorblade
Ember-Spirit,hero_attack_type,Melee
Witch-Doctor,bestVersus,Viper
Ursa,hero_attack_type,Melee
Escape,type,role
Lina,buysItem,staff_of_wizardry
Brewmaster,bestVersus,Necrophos
broadsword,type,item
Pudge,bestVersus,Marci
Oracle,bestVersus,Warlock
Razor,bestVersus,Bristleback
Axe,hasRole,Durable
Timbersaw,hero_attack_type,Melee
Magnus,buysItem,blink
Witch-Doctor,bestVersus,Slark
Enigma,hero_name,Enigma
Storm-Spirit,bestVersus,Drow-Ranger
Shadow-Demon,bestVersus,Drow-Ranger
Spectre,buysItem,diadem
Bounty-Hunter,bestVersus,Ancient-Apparition
Gyrocopter,bestVersus,Silencer
Clinkz,hero_name,Clinkz
Void-Spirit,bestVersus,Keeper-of-the-Light
Undying,type,strong_hero
Spectre,bestVersus,Elder-Titan
Disruptor,type,intellectual_hero
Slark,bestVersus,Monkey-King
Templar-Assassin,bestVersus,Spectre
Drow-Ranger,type,agile_hero
Queen-of-Pain,hasRole,Carry
radiance,type,item
Phantom-Assassin,bestVersus,Pangolier
Zeus,hero_name,Zeus
Batrider,hero_name,Batrider
Skywrath-Mage,bestVersus,Brewmaster
Pugna,buysItem,arcane_boots
Naga-Siren,buysItem,diadem
Troll-Warlord,bestVersus,Bounty-Hunter
Spirit-Breaker,hasRole,Durable
Nyx-Assassin,bestVersus,Underlord
Templar-Assassin,bestVersus,Night-Stalker
Necrophos,bestVersus,Outworld-Destroyer
Doom,hasRole,Nuker
Leshrac,hero_name,Leshrac
Primal-Beast,buysItem,ogre_axe
Death-Prophet,type,intellectual_hero
Disruptor,bestVersus,Naga-Siren
Shadow-Demon,hero_attack_type,Ranged
Dazzle,bestVersus,Outworld-Destroyer
Keeper-of-the-Light,type,intellectual_hero
Ursa,bestVersus,Medusa
Legion-Commander,bestVersus,Troll-Warlord
Axe,bestVersus,Viper
Invoker,hasRole,Nuker
Naga-Siren,hasRole,Disabler
Sand-King,hasRole,Support
Troll-Warlord,hero_attack_type,Ranged
Necrophos,buysItem,radiance
Pudge,buysItem,staff_of_wizardry
Slardar,bestVersus,Lich
Void-Spirit,bestVersus,Drow-Ranger
Disruptor,hasRole,Disabler
Jakiro,hero_name,Jakiro
Tiny,buysItem,blink
Disabler,type,role
Ursa,bestVersus,Earthshaker
bloodstone,item_name,bloodstone
Earth-Spirit,buysItem,ogre_axe
Timbersaw,bestVersus,Medusa
Void-Spirit,hasRole,Escape
diffusal_blade,type,item
Dazzle,bestVersus,Meepo
Void-Spirit,buysItem,staff_of_wizardry
Alchemist,hero_attack_type,Melee
Crystal-Maiden,hero_name,Crystal-Maiden
Natures-Prophet,bestVersus,Necrophos
Techies,bestVersus,Drow-Ranger
Visage,hasRole,Disabler
Wraith-King,bestVersus,Mars
Doom,type,strong_hero
Beastmaster,bestVersus,Spectre
Legion-Commander,bestVersus,Brewmaster
Death-Prophet,hasRole,Disabler
Primal-Beast,bestVersus,Snapfire
Keeper-of-the-Light,hasRole,Disabler
Windranger,bestVersus,Winter-Wyvern
Luna,hasRole,Carry
Marci,hasRole,Disabler
Visage,hasRole,Pusher
Legion-Commander,buysItem,ogre_axe
Phantom-Lancer,bestVersus,Oracle
Doom,hasRole,Disabler
bestVersus,type,ObjectProperty
Death-Prophet,hasRole,Pusher
Meepo,bestVersus,Clinkz
Puck,bestVersus,Underlord
Queen-of-Pain,buysItem,staff_of_wizardry
Pudge,buysItem,aether_lens
Techies,hero_attack_type,Ranged
Mars,bestVersus,Abaddon
Axe,bestVersus,Wraith-King
Phantom-Assassin,bestVersus,Phantom-Lancer
Nyx-Assassin,bestVersus,Kunkka
Medusa,bestVersus,Morphling
Tiny,hasRole,Durable
Rubick,buysItem,staff_of_wizardry
agile_hero,type,Class
Terrorblade,hasRole,Carry
Huskar,bestVersus,Night-Stalker
Slark,buysItem,blade_of_alacrity
Huskar,bestVersus,Bane
Doom,bestVersus,Io
Faceless-Void,hero_attack_type,Melee
Faceless-Void,bestVersus,Earth-Spirit
Enchantress,bestVersus,Silencer
Skywrath-Mage,bestVersus,Omniknight
Oracle,bestVersus,Queen-of-Pain
Dazzle,bestVersus,Void-Spirit
Luna,bestVersus,Arc-Warden
Medusa,buysItem,manta
Jakiro,bestVersus,Night-Stalker
Naga-Siren,bestVersus,Drow-Ranger
Necrophos,buysItem,talisman_of_evasion
Batrider,bestVersus,Arc-Warden
Sven,bestVersus,Zeus
Medusa,bestVersus,Huskar
Windranger,type,universal_hero
Lifestealer,hasRole,Disabler
Pugna,hero_attack_type,Ranged
Venomancer,bestVersus,Mirana
Ursa,hasRole,Disabler
Abaddon,hasRole,Support
Treant-Protector,buysItem,arcane_boots
Juggernaut,bestVersus,Lone-Druid
diffusal_blade,item_name,diffusal_blade
Silencer,bestVersus,Winter-Wyvern
Monkey-King,type,agile_hero
Kunkka,bestVersus,Sand-King
Slardar,bestVersus,Bloodseeker
Broodmother,type,universal_hero
Mars,hero_name,Mars
relativeTo,type,SymmetricProperty
Oracle,buysItem,arcane_boots
Gyrocopter,bestVersus,Undying
Tinker,type,intellectual_hero
Ringmaster,hasRole,Escape
Lycan,bestVersus,Visage
Earth-Spirit,hasRole,Initiator
Pugna,bestVersus,Spectre
Io,bestVersus,Riki
Snapfire,hasRole,Nuker
Riki,bestVersus,Phoenix
Death-Prophet,bestVersus,Phantom-Lancer
Enchantress,relativeTo,Natures-Prophet
Gyrocopter,bestVersus,Arc-Warden
phase_boots,item_name,phase_boots
Wraith-King,bestVersus,Witch-Doctor
Kunkka,bestVersus,Phantom-Assassin
Natures-Prophet,bestVersus,Riki
Gyrocopter,bestVersus,Juggernaut
Ursa,bestVersus,Undying
Viper,bestVersus,Meepo
Jakiro,type,intellectual_hero
Elder-Titan,hero_name,Elder-Titan
Void-Spirit,hero_name,Void-Spirit
Muerta,bestVersus,Dazzle
Ringmaster,hero_attack_type,Ranged
Lycan,bestVersus,Meepo
Phantom-Lancer,buysItem,point_booster
Batrider,hasRole,Initiator
Natures-Prophet,hero_name,Natures-Prophet
Shadow-Fiend,type,agile_hero
Broodmother,bestVersus,Tinker
Timbersaw,bestVersus,Witch-Doctor
Beastmaster,buysItem,blade_of_alacrity
Underlord,hasRole,Escape
Venomancer,hasRole,Disabler
Alchemist,hasRole,Disabler
Abaddon,bestVersus,Clinkz
Shadow-Shaman,hero_name,Shadow-Shaman
Abaddon,bestVersus,Phantom-Assassin
Treant-Protector,hasRole,Escape
Troll-Warlord,hasRole,Pusher
Morphling,hasRole,Nuker
Winter-Wyvern,bestVersus,Beastmaster
Tinker,hasRole,Pusher
Mars,hasRole,Carry
Ancient-Apparition,hero_attack_type,Ranged
Windranger,bestVersus,Medusa
Phoenix,buysItem,solar_crest
Batrider,type,universal_hero
Hoodwink,bestVersus,Meepo
Grimstroke,bestVersus,Jakiro
Slark,bestVersus,Snapfire
Terrorblade,buysItem,yasha
Snapfire,hasRole,Disabler
Silencer,bestVersus,Earth-Spirit
Marci,type,universal_hero
Naga-Siren,hero_attack_type,Melee
Bristleback,bestVersus,Visage
Dark-Willow,hasRole,Support
Ursa,bestVersus,Phantom-Lancer
Pugna,type,intellectual_hero
Warlock,buysItem,arcane_boots
Tidehunter,bestVersus,Omniknight
Phoenix,hasRole,Escape
Pudge,type,strong_hero
Zeus,hasRole,Carry
Monkey-King,buysItem,ogre_axe
Leshrac,bestVersus,Dawnbreaker
Shadow-Shaman,buysItem,arcane_boots
Weaver,bestVersus,Axe
Centaur-Warrunner,bestVersus,Abaddon
Natures-Prophet,buysItem,maelstrom
Dawnbreaker,buysItem,broadsword
Morphling,buysItem,diadem
aether_lens,item_name,aether_lens
Dazzle,bestVersus,Troll-Warlord
Escape,role_name,Escape
Chen,bestVersus,Bane
Wraith-King,hasRole,Initiator
Ogre-Magi,hasRole,Nuker
Shadow-Fiend,bestVersus,Anti-Mage
Brewmaster,bestVersus,Venomancer
Ringmaster,bestVersus,Morphling
Snapfire,bestVersus,Io
Grimstroke,hasRole,Disabler
Oracle,hero_attack_type,Ranged
Anti-Mage,bestVersus,Razor
Venomancer,bestVersus,Sniper
Bloodseeker,bestVersus,Lifestealer
Snapfire,buysItem,force_staff
force_staff,type,item
item_name,domain,item
Shadow-Fiend,hasRole,Nuker
Phoenix,hero_attack_type,Ranged
Dawnbreaker,bestVersus,Spirit-Breaker
Dark-Willow,type,universal_hero
Outworld-Destroyer,bestVersus,Grimstroke
Leshrac,hasRole,Carry
Lion,hero_name,Lion
role_name,range,string
Marci,bestVersus,Viper
Vengeful-Spirit,bestVersus,Lycan
Dragon-Knight,bestVersus,Mars
Techies,bestVersus,Snapfire
Jakiro,relativeTo,Winter-Wyvern
Brewmaster,hasRole,Nuker
Queen-of-Pain,buysItem,kaya
Arc-Warden,hasRole,Carry
Shadow-Demon,hasRole,Support
Viper,hasRole,Durable
item,type,Class
hasRole,domain,hero
Meepo,bestVersus,Storm-Spirit
Tusk,buysItem,blink
Storm-Spirit,bestVersus,Lich
Ogre-Magi,hasRole,Disabler
Chaos-Knight,buysItem,armlet
Sven,hasRole,Nuker
Spirit-Breaker,bestVersus,Nyx-Assassin
Zeus,buysItem,staff_of_wizardry
Shadow-Demon,bestVersus,Abaddon
Batrider,bestVersus,Wraith-King
Juggernaut,hero_name,Juggernaut
Elder-Titan,hasRole,Disabler
Faceless-Void,bestVersus,Juggernaut
Lifestealer,buysItem,blade_of_alacrity
Troll-Warlord,buysItem,yasha
Slark,hero_name,Slark
Enchantress,bestVersus,Phantom-Lancer
Slardar,hasRole,Durable
Slardar,bestVersus,Chaos-Knight
Durable,type,role
Skywrath-Mage,bestVersus,Anti-Mage
Sniper,hasRole,Carry
Ogre-Magi,hero_name,Ogre-Magi
Pangolier,hasRole,Carry
Meepo,bestVersus,Lina
Warlock,hero_attack_type,Ranged
Leshrac,buysItem,staff_of_wizardry
Dark-Willow,bestVersus,Silencer
Void-Spirit,bestVersus,Lich
Shadow-Shaman,hasRole,Pusher
Monkey-King,hasRole,Initiator
Ember-Spirit,bestVersus,Arc-Warden
Natures-Prophet,hasRole,Nuker
Hoodwink,type,agile_hero
Techies,bestVersus,Lich
Huskar,bestVersus,Skywrath-Mage
Beastmaster,bestVersus,Tinker
Phoenix,bestVersus,Huskar
Keeper-of-the-Light,bestVersus,Treant-Protector
Sven,hasRole,Disabler
Abaddon,buysItem,ogre_axe
Dragon-Knight,buysItem,ogre_axe
Windranger,bestVersus,Arc-Warden
Lich,buysItem,shadow_amulet
Puck,buysItem,blink
Templar-Assassin,type,agile_hero
talisman_of_evasion,type,item
Pangolier,bestVersus,Witch-Doctor
Riki,bestVersus,Spectre
Ogre-Magi,buysItem,hand_of_midas
Doom,bestVersus,Necrophos
Spirit-Breaker,bestVersus,Axe
Leshrac,hero_attack_type,Ranged
Dark-Seer,bestVersus,Wraith-King
Bristleback,bestVersus,Weaver
Vengeful-Spirit,bestVersus,Bristleback
Enchantress,hasRole,Durable
Faceless-Void,hasRole,Initiator
Lina,bestVersus,Tidehunter
Bristleback,hasRole,Durable
Crystal-Maiden,buysItem,staff_of_wizardry
Kunkka,hasRole,Durable
Void-Spirit,bestVersus,Sand-King
Lycan,bestVersus,Dazzle
Void-Spirit,relativeTo,Earth-Spirit
kaya,item_name,kaya
Rubick,hasRole,Support
Elder-Titan,bestVersus,Night-Stalker
Weaver,hasRole,Carry
Terrorblade,bestVersus,Snapfire
Night-Stalker,buysItem,mithril_hammer
Monkey-King,bestVersus,Oracle
Ember-Spirit,bestVersus,Phantom-Lancer
Necrophos,buysItem,aghanims_shard
Slardar,bestVersus,Dazzle
Axe,buysItem,blade_mail
Chaos-Knight,bestVersus,Arc-Warden
Jakiro,bestVersus,Tinker
Rubick,bestVersus,Spirit-Breaker
Hoodwink,bestVersus,Grimstroke
Earthshaker,bestVersus,Spectre
Chaos-Knight,bestVersus,Juggernaut
Undying,hasRole,Support
Pangolier,buysItem,staff_of_wizardry
Nyx-Assassin,hasRole,Initiator
Death-Prophet,bestVersus,Lifestealer
Centaur-Warrunner,bestVersus,Jakiro
Witch-Doctor,bestVersus,Elder-Titan
Enchantress,bestVersus,Viper
Ancient-Apparition,bestVersus,Juggernaut
Witch-Doctor,hasRole,Disabler
Marci,bestVersus,Lifestealer
Timbersaw,relativeTo,Snapfire
Sand-King,bestVersus,Oracle
Spectre,type,agile_hero
Puck,hero_name,Puck
Winter-Wyvern,bestVersus,Lich
Medusa,bestVersus,Outworld-Destroyer
Vengeful-Spirit,hasRole,Escape
Jakiro,relativeTo,Dragon-Knight
Tiny,bestVersus,Axe
Void-Spirit,bestVersus,Bloodseeker
Enigma,bestVersus,Visage
Juggernaut,hasRole,Pusher
Crystal-Maiden,bestVersus,Sniper
Crystal-Maiden,bestVersus,Spectre
Shadow-Shaman,hasRole,Initiator
Witch-Doctor,hero_name,Witch-Doctor
Arc-Warden,type,agile_hero
Pugna,buysItem,shadow_amulet
Warlock,type,intellectual_hero
Ringmaster,bestVersus,Lich
Morphling,buysItem,blade_of_alacrity
Broodmother,buysItem,oblivion_staff
mask_of_madness,type,item
Weaver,hasRole,Escape
Brewmaster,buysItem,relic
soul_booster,item_name,soul_booster
Ogre-Magi,bestVersus,Batrider
Vengeful-Spirit,hero_attack_type,Ranged
Mars,buysItem,ogre_axe
ogre_axe,item_name,ogre_axe
Keeper-of-the-Light,bestVersus,Riki
Clinkz,bestVersus,Warlock
Tidehunter,hasRole,Nuker
buysItem,domain,hero
Faceless-Void,hero_name,Faceless-Void
Muerta,bestVersus,Legion-Commander
Axe,hasRole,Disabler
Witch-Doctor,bestVersus,Spectre
Underlord,hasRole,Support
Lifestealer,bestVersus,Tinker
Invoker,bestVersus,Silencer
Keeper-of-the-Light,bestVersus,Sand-King
Earthshaker,buysItem,point_booster
dagon,item_name,dagon
Lich,bestVersus,Anti-Mage
Phantom-Assassin,hero_name,Phantom-Assassin
Abaddon,bestVersus,Dazzle
Dawnbreaker,type,strong_hero
Ember-Spirit,bestVersus,Viper
Bloodseeker,hasRole,Nuker
Treant-Protector,hasRole,Support
Winter-Wyvern,hero_attack_type,Ranged
pipe,type,item
Spirit-Breaker,hasRole,Disabler
Riki,buysItem,blade_of_alacrity
Anti-Mage,bestVersus,Chaos-Knight
Tidehunter,type,strong_hero
Lich,hasRole,Nuker
Windranger,bestVersus,Viper
Chaos-Knight,hasRole,Durable
Dragon-Knight,hasRole,Durable
Earth-Spirit,bestVersus,Anti-Mage
Shadow-Fiend,buysItem,blade_of_alacrity
Skywrath-Mage,hero_attack_type,Ranged
Oracle,hasRole,Support
Lone-Druid,bestVersus,Dawnbreaker
glimmer_cape,item_name,glimmer_cape
Silencer,bestVersus,Tidehunter
Arc-Warden,hero_name,Arc-Warden
Pudge,bestVersus,Anti-Mage
Chen,hero_attack_type,Ranged
Magnus,hasRole,Disabler
Brewmaster,hero_attack_type,Melee
Natures-Prophet,type,intellectual_hero
Treant-Protector,bestVersus,Skywrath-Mage
Doom,hero_name,Doom
Pudge,hasRole,Nuker
Huskar,buysItem,ogre_axe
Void-Spirit,hasRole,Nuker
Sven,hero_attack_type,Melee
Morphling,bestVersus,Necrophos
Queen-of-Pain,bestVersus,Slardar
Bloodseeker,hasRole,Disabler
Undying,bestVersus,Outworld-Destroyer
Dragon-Knight,buysItem,mask_of_madness
Mirana,hasRole,Escape
Muerta,bestVersus,Queen-of-Pain
ancient_janggo,type,item
Dark-Seer,bestVersus,Abaddon
Beastmaster,bestVersus,Juggernaut
Meepo,hero_name,Meepo
Techies,hasRole,Nuker
Ember-Spirit,buysItem,mage_slayer
bfury,type,item
Juggernaut,bestVersus,Troll-Warlord
Phantom-Lancer,hasRole,Pusher
Dragon-Knight,bestVersus,Slark
Weaver,buysItem,blade_of_alacrity
Phoenix,bestVersus,Sand-King
Night-Stalker,buysItem,blink
Drow-Ranger,bestVersus,Bounty-Hunter
Winter-Wyvern,bestVersus,Clockwerk
Clockwerk,bestVersus,Night-Stalker
manta,item_name,manta
Outworld-Destroyer,bestVersus,Legion-Commander
Tiny,hasRole,Disabler
Rubick,bestVersus,Anti-Mage
Hoodwink,bestVersus,Lion
Mirana,hero_attack_type,Ranged
Razor,buysItem,ogre_axe
relativeTo,range,hero
Queen-of-Pain,hasRole,Nuker
Muerta,hasRole,Disabler
Vengeful-Spirit,buysItem,point_booster
Shadow-Fiend,hero_name,Shadow-Fiend
Tinker,bestVersus,Riki
Drow-Ranger,hero_attack_type,Ranged
Dawnbreaker,bestVersus,Drow-Ranger
Tiny,hasRole,Pusher
Rubick,hasRole,Nuker
Phoenix,bestVersus,Phantom-Assassin
Doom,bestVersus,Outworld-Destroyer
Dazzle,hasRole,Nuker
Zeus,bestVersus,Pugna
Marci,bestVersus,Ursa
Chen,buysItem,ancient_janggo
Warlock,hasRole,Support
Snapfire,bestVersus,Lich
Disruptor,bestVersus,Bristleback
Necrophos,type,intellectual_hero
Io,hero_name,Io
Dark-Seer,hero_attack_type,Melee
Lycan,hero_name,Lycan
spirit_vessel,item_name,spirit_vessel
desolator,type,item
Oracle,bestVersus,Bloodseeker
Snapfire,bestVersus,Riki
Night-Stalker,hasRole,Durable
Templar-Assassin,bestVersus,Oracle
Legion-Commander,hasRole,Carry
Muerta,bestVersus,Undying
Tidehunter,bestVersus,Monkey-King
Razor,bestVersus,Arc-Warden
Dark-Seer,buysItem,mekansm
Earthshaker,hasRole,Support
arcane_boots,item_name,arcane_boots
Shadow-Fiend,buysItem,dragon_lance
Necrophos,bestVersus,Dawnbreaker
Razor,bestVersus,Juggernaut
Leshrac,hasRole,Support
Keeper-of-the-Light,bestVersus,Bristleback
Invoker,bestVersus,Undying
Bane,hero_attack_type,Ranged
Mirana,bestVersus,Night-Stalker
armlet,type,item
Clinkz,hasRole,Pusher
Visage,bestVersus,Ancient-Apparition
blink,type,item
Lich,bestVersus,Drow-Ranger
Luna,hasRole,Nuker
Outworld-Destroyer,type,intellectual_hero
Queen-of-Pain,buysItem,dagon
Dazzle,hasRole,Disabler
Storm-Spirit,bestVersus,Dazzle
Slardar,hero_attack_type,Melee
Huskar,hasRole,Initiator
Beastmaster,hasRole,Durable
Leshrac,bestVersus,Riki
Necrophos,hasRole,Carry
Winter-Wyvern,buysItem,blink
buysItem,type,ObjectProperty
Dark-Willow,bestVersus,Slark
Earth-Spirit,hasRole,Escape
Warlock,buysItem,shadow_amulet
Queen-of-Pain,bestVersus,Io
Crystal-Maiden,hasRole,Support
Terrorblade,hasRole,Nuker
Phoenix,bestVersus,Outworld-Destroyer
Enigma,bestVersus,Dazzle
Underlord,bestVersus,Anti-Mage
vladmir,item_name,vladmir
Ringmaster,bestVersus,Pudge
Luna,buysItem,diadem
Lifestealer,bestVersus,Juggernaut
Drow-Ranger,bestVersus,Meepo
Outworld-Destroyer,hasRole,Disabler
Phantom-Assassin,bestVersus,Spectre
Wraith-King,hasRole,Carry
Bounty-Hunter,bestVersus,Grimstroke
Doom,buysItem,blink
Underlord,hasRole,Nuker
Underlord,bestVersus,Muerta
Dazzle,bestVersus,Keeper-of-the-Light
Batrider,hasRole,Escape
Sven,hero_name,Sven
Lion,hasRole,Support
Invoker,bestVersus,Phantom-Lancer
Batrider,buysItem,staff_of_wizardry
ring_of_tarrasque,item_name,ring_of_tarrasque
holy_locket,type,item
Broodmother,bestVersus,Underlord
Marci,hasRole,Escape
Huskar,bestVersus,Oracle
Morphling,bestVersus,Phantom-Assassin
Beastmaster,bestVersus,Slark
Bristleback,hero_attack_type,Melee
Warlock,bestVersus,Silencer
Sven,bestVersus,Earth-Spirit
Tidehunter,hero_attack_type,Melee
Magnus,hero_attack_type,Melee
Lifestealer,bestVersus,Faceless-Void
Bounty-Hunter,bestVersus,Brewmaster
Shadow-Fiend,bestVersus,Kunkka
Alchemist,type,strong_hero
Zeus,relativeTo,Mars
Meepo,hasRole,Nuker
Oracle,hasRole,Nuker
Vengeful-Spirit,hasRole,Support
Muerta,bestVersus,Tidehunter
Natures-Prophet,bestVersus,Skywrath-Mage
Kunkka,bestVersus,Axe
Phantom-Assassin,buysItem,bfury
Lina,buysItem,blade_of_alacrity
Drow-Ranger,buysItem,staff_of_wizardry
Dazzle,bestVersus,Drow-Ranger
Tidehunter,bestVersus,Huskar
Brewmaster,bestVersus,Silencer
Crystal-Maiden,buysItem,shadow_amulet
Treant-Protector,type,strong_hero
Doom,hasRole,Durable
Doom,bestVersus,Chaos-Knight
Alchemist,hero_name,Alchemist
Bloodseeker,hero_attack_type,Melee
Outworld-Destroyer,bestVersus,Arc-Warden
Clockwerk,buysItem,pavise
Razor,bestVersus,Oracle
Invoker,type,universal_hero
Bloodseeker,buysItem,blade_of_alacrity
Terrorblade,bestVersus,Chaos-Knight
Beastmaster,bestVersus,Wraith-King
Io,hero_attack_type,Ranged
dragon_lance,type,item
Drow-Ranger,hasRole,Pusher
Ember-Spirit,buysItem,oblivion_staff
Io,bestVersus,Tinker
Oracle,buysItem,diadem
Lion,buysItem,shadow_amulet
hero_attack_type,type,DatatypeProperty
Meepo,bestVersus,Dawnbreaker
Vengeful-Spirit,type,universal_hero
Ember-Spirit,bestVersus,Lycan
Keeper-of-the-Light,bestVersus,Spectre
Gyrocopter,hero_attack_type,Ranged
Ringmaster,bestVersus,Lina
Undying,bestVersus,Dazzle
Razor,bestVersus,Viper
Death-Prophet,bestVersus,Night-Stalker
Viper,hasRole,Disabler
Tusk,hasRole,Nuker
Death-Prophet,bestVersus,Bane
Underlord,bestVersus,Io
Weaver,bestVersus,Riki
Meepo,hasRole,Disabler
Naga-Siren,buysItem,manta
Lifestealer,hasRole,Durable
Alchemist,bestVersus,Ancient-Apparition
Terrorblade,bestVersus,Spectre
Brewmaster,buysItem,radiance
Monkey-King,hasRole,Carry
Primal-Beast,bestVersus,Legion-Commander
Kunkka,buysItem,blade_mail
Zeus,bestVersus,Anti-Mage
Jakiro,bestVersus,Wraith-King
manta,type,item
phase_boots,type,item
Void-Spirit,buysItem,blade_of_alacrity
Skywrath-Mage,bestVersus,Kunkka
Spectre,hero_name,Spectre
Primal-Beast,bestVersus,Medusa
Timbersaw,hero_name,Timbersaw
Lycan,hasRole,Carry
Warlock,hero_name,Warlock
Grimstroke,buysItem,arcane_boots
Zeus,hasRole,Nuker
Invoker,bestVersus,Slark
Lycan,buysItem,echo_sabre
Bane,bestVersus,Necrophos
Phantom-Assassin,hero_attack_type,Melee
Magnus,bestVersus,Necrophos
Oracle,hero_name,Oracle
Hoodwink,hasRole,Disabler
Sniper,type,agile_hero
Dark-Willow,bestVersus,Underlord
Clockwerk,bestVersus,Skywrath-Mage
Lycan,bestVersus,Keeper-of-the-Light
Tusk,hasRole,Disabler
Lina,relativeTo,Crystal-Maiden
maelstrom,type,item
Tidehunter,bestVersus,Snapfire
Magnus,bestVersus,Snapfire
Wraith-King,bestVersus,Night-Stalker
Elder-Titan,type,strong_hero
Night-Stalker,bestVersus,Underlord
Visage,buysItem,ring_of_tarrasque
Lifestealer,bestVersus,Slark
Juggernaut,type,agile_hero
Leshrac,hasRole,Nuker
Chaos-Knight,hero_attack_type,Melee
Dragon-Knight,hero_attack_type,Melee
Puck,hasRole,Nuker
Lina,bestVersus,Jakiro
Slardar,bestVersus,Keeper-of-the-Light
Mirana,hasRole,Support
role_name,type,DatatypeProperty
Shadow-Fiend,buysItem,claymore
Keeper-of-the-Light,buysItem,point_booster
Enchantress,buysItem,staff_of_wizardry
Shadow-Fiend,bestVersus,Meepo
Enchantress,hasRole,Disabler
Slardar,bestVersus,Arc-Warden
Earthshaker,buysItem,ogre_axe
Brewmaster,buysItem,talisman_of_evasion
Kunkka,hasRole,Disabler
Arc-Warden,hasRole,Nuker
universal_hero,subClassOf,hero
Dark-Willow,bestVersus,Sven
Centaur-Warrunner,hero_name,Centaur-Warrunner
Windranger,hasRole,Carry
rod_of_atos,type,item
Tusk,bestVersus,Ancient-Apparition
relic,item_name,relic
ring_of_tarrasque,type,item
Lina,hasRole,Disabler
Grimstroke,bestVersus,Drow-Ranger
Enchantress,hasRole,Pusher
Dark-Seer,hasRole,Initiator
Mirana,type,universal_hero
Snapfire,bestVersus,Chaos-Knight
Grimstroke,hasRole,Escape
Sniper,bestVersus,Anti-Mage
Storm-Spirit,relativeTo,Ember-Spirit
Faceless-Void,hasRole,Escape
Broodmother,hasRole,Carry
Elder-Titan,bestVersus,Io
Luna,buysItem,blade_of_alacrity
Spectre,bestVersus,Underlord
Puck,hasRole,Disabler
Viper,hasRole,Initiator
Brewmaster,bestVersus,Arc-Warden
Bane,hasRole,Support
Sniper,hasRole,Nuker
Hoodwink,bestVersus,Drow-Ranger
Juggernaut,bestVersus,Anti-Mage
Slark,hero_attack_type,Melee
Pangolier,hasRole,Nuker
Earthshaker,bestVersus,Juggernaut
Huskar,bestVersus,Underlord
Oracle,type,intellectual_hero
Abaddon,hasRole,Carry
Tusk,bestVersus,Drow-Ranger
Bloodseeker,bestVersus,Tinker
Storm-Spirit,hero_attack_type,Ranged
Ancient-Apparition,buysItem,arcane_boots
Mars,bestVersus,Drow-Ranger
Terrorblade,hero_attack_type,Melee
Dawnbreaker,bestVersus,Riki
Centaur-Warrunner,bestVersus,Anti-Mage
Jakiro,bestVersus,Underlord
Nyx-Assassin,hasRole,Escape
Viper,bestVersus,Tidehunter
Sven,bestVersus,Juggernaut
Techies,bestVersus,Nyx-Assassin
Morphling,hasRole,Durable
Bane,bestVersus,Kunkka
Templar-Assassin,bestVersus,Bounty-Hunter
Slardar,hasRole,Initiator
Treant-Protector,bestVersus,Slark
Tusk,hero_name,Tusk
Lone-Druid,bestVersus,Riki
Ember-Spirit,hasRole,Disabler
Centaur-Warrunner,hasRole,Nuker
Abaddon,bestVersus,Undying
Windranger,hasRole,Escape
Primal-Beast,bestVersus,Undying
Underlord,bestVersus,Disruptor
Lycan,type,universal_hero
Windranger,buysItem,staff_of_wizardry
Zeus,bestVersus,Drow-Ranger
Naga-Siren,bestVersus,Winter-Wyvern
Axe,bestVersus,Anti-Mage
Primal-Beast,bestVersus,Arc-Warden
Shadow-Shaman,bestVersus,Drow-Ranger
Leshrac,bestVersus,Spectre
Primal-Beast,bestVersus,Juggernaut
Faceless-Void,bestVersus,Spectre
Night-Stalker,hero_attack_type,Melee
Dragon-Knight,bestVersus,Jakiro
Clockwerk,hero_name,Clockwerk
Mirana,bestVersus,Silencer
Snapfire,bestVersus,Dazzle
Io,bestVersus,Arc-Warden
Arc-Warden,bestVersus,Ancient-Apparition
Ogre-Magi,hasRole,Durable
Ogre-Magi,bestVersus,Chaos-Knight
Bloodseeker,type,agile_hero
Earth-Spirit,bestVersus,Lich
Windranger,hero_attack_type,Ranged
Centaur-Warrunner,type,strong_hero
Treant-Protector,bestVersus,Wraith-King
Meepo,hero_attack_type,Melee
Omniknight,buysItem,pavise
Techies,bestVersus,Tinker
Visage,hasRole,Support
Shadow-Fiend,bestVersus,Ember-Spirit
Tiny,bestVersus,Riki
Legion-Commander,bestVersus,Meepo
Shadow-Shaman,hero_attack_type,Ranged
Bloodseeker,buysItem,mithril_hammer
Muerta,bestVersus,Riki
Initiator,role_name,Initiator
Tiny,bestVersus,Razor
Invoker,hero_name,Invoker
Beastmaster,hero_attack_type,Melee
Chaos-Knight,bestVersus,Void-Spirit
Ancient-Apparition,buysItem,staff_of_wizardry
Ember-Spirit,bestVersus,Spectre
Ancient-Apparition,bestVersus,Dark-Seer
Brewmaster,type,universal_hero
Witch-Doctor,bestVersus,Io
Underlord,buysItem,staff_of_wizardry
Axe,type,strong_hero
Pugna,buysItem,glimmer_cape
Morphling,bestVersus,Dazzle
Primal-Beast,bestVersus,Phantom-Lancer
Arc-Warden,bestVersus,Drow-Ranger
Templar-Assassin,buysItem,desolator
Brewmaster,hasRole,Durable
Ancient-Apparition,bestVersus,Void-Spirit
Dazzle,bestVersus,Lifestealer
Sniper,bestVersus,Faceless-Void
hero,type,Class
Chaos-Knight,hasRole,Pusher
Dragon-Knight,hasRole,Pusher
Silencer,hasRole,Disabler
Templar-Assassin,hasRole,Carry
Nyx-Assassin,bestVersus,Morphling
Jakiro,bestVersus,Bounty-Hunter
Treant-Protector,buysItem,aghanims_shard
Arc-Warden,buysItem,mithril_hammer
Tusk,hero_attack_type,Melee
Chen,bestVersus,Lone-Druid
pipe,item_name,pipe
Sven,hasRole,Durable
Queen-of-Pain,bestVersus,Lich
Pangolier,bestVersus,Spectre
Storm-Spirit,type,intellectual_hero
Shadow-Demon,type,intellectual_hero
Leshrac,type,intellectual_hero
claymore,item_name,claymore
Anti-Mage,bestVersus,Arc-Warden
Disruptor,hero_attack_type,Ranged
Phantom-Assassin,type,agile_hero
Troll-Warlord,bestVersus,Snapfire
Mars,bestVersus,Huskar
Razor,bestVersus,Bounty-Hunter
Wraith-King,hasRole,Support
Abaddon,type,universal_hero
Visage,hero_attack_type,Ranged
Queen-of-Pain,bestVersus,Razor
Terrorblade,bestVersus,Skywrath-Mage
Slark,hasRole,Disabler
Io,type,universal_hero
Primal-Beast,hasRole,Durable
Death-Prophet,hero_attack_type,Ranged
Shadow-Fiend,bestVersus,Dazzle
Juggernaut,hasRole,Escape
Keeper-of-the-Light,bestVersus,Broodmother
Invoker,buysItem,oblivion_staff
Bane,bestVersus,Meepo
