Character,Skills Order On Carry,Skills Order On Mid,Skills Order On Off Lane,Skills Order On Semi Support,Skills Order On Full Support
Anti-Mage,"Mana Break, Blink, Mana Break, Counterspell, Blink, Mana Void, Blink, Blink, Mana Break, Mana Break","Mana Break, Blink, Mana Break, Counterspell, Mana Break, Mana Void, Mana Break, Blink, Blink, Blink","Mana Break, Blink, Mana Break, Counterspell, Mana Break, Mana Void, Mana Break, Blink, Blink, Blink","Mana Break, Blink, Mana Break, Blink, Mana Break, Mana Void, Blink, Mana Break, Blink, Counterspell","Mana Break, Blink, Mana Break, Counterspell, Blink, Mana Void, Blink, Blink, Mana Break, Mana Break"
Axe,"Counter Helix, Berserker's Call, Counter Helix, Battle Hunger, Counter Helix, Culling Blade, Counter Helix, Berserker's Call, Berserker's Call, Berserker's Call","Berserker's Call, Battle Hunger, Berserker's Call, Battle Hunger, Berserker's Call, Battle Hunger, Berserker's Call, Battle Hunger, Counter Helix, +10% Movement Speed per active Battle Hunger","Battle Hunger, Counter Helix, Counter Helix, Berserker's Call, Counter Helix, Culling Blade, Counter Helix, Berserker's Call, Berserker's Call, Berserker's Call","Battle Hunger, Counter Helix, Counter Helix, Berserker's Call, Counter Helix, Culling Blade, Counter Helix, Berserker's Call, Berserker's Call, Berserker's Call","Counter Helix, Berserker's Call, Counter Helix, Battle Hunger, Counter Helix, Culling Blade, Counter Helix, Berserker's Call, Berserker's Call, Berserker's Call"
Bane,"Brain Sap, Enfeeble, Brain Sap, Enfeeble, Brain Sap, Fiend's Grip, Brain Sap, Nightmare, Enfeeble, -3s Brain Sap Cooldown","Enfeeble, Brain Sap, Brain Sap, Nightmare, Brain Sap, Fiend's Grip, Brain Sap, Enfeeble, Enfeeble, -3s Brain Sap Cooldown","Enfeeble, Brain Sap, Brain Sap, Nightmare, Brain Sap, Fiend's Grip, Brain Sap, Enfeeble, Enfeeble, -3s Brain Sap Cooldown","Brain Sap, Nightmare, Brain Sap, Nightmare, Brain Sap, Fiend's Grip, Brain Sap, Nightmare, Nightmare, Enfeeble","Brain Sap, Nightmare, Brain Sap, Nightmare, Brain Sap, Fiend's Grip, Brain Sap, Nightmare, Nightmare, Enfeeble"
Bloodseeker,"Blood Rite, Thirst, Bloodrage, Bloodrage, Bloodrage, Rupture, Bloodrage, Thirst, Thirst, +15% Bloodrage Spell Amplification","Blood Rite, Thirst, Blood Rite, Bloodrage, Blood Rite, Rupture, Blood Rite, Bloodrage, Bloodrage, Bloodrage","Blood Rite, Thirst, Blood Rite, Bloodrage, Blood Rite, Rupture, Blood Rite, Bloodrage, Bloodrage, +15% Bloodrage Spell Amplification","Bloodrage, Blood Rite, Bloodrage, Blood Rite, Bloodrage, Blood Rite, Bloodrage","Blood Rite, Thirst, Blood Rite, Bloodrage, Blood Rite, Rupture, Blood Rite, Bloodrage, Bloodrage, Bloodrage"
Crystal Maiden,"Crystal Nova, Frostbite, Arcane Aura, Frostbite, Frostbite, Freezing Field, Frostbite, Crystal Nova, Crystal Nova, +200 Health","Frostbite, Crystal Nova, Crystal Nova, Frostbite, Crystal Nova, Freezing Field, Crystal Nova, Frostbite, Frostbite, +100 Crystal Nova AoE","Crystal Nova, Crystal Nova, Frostbite, Arcane Aura, Crystal Nova, Freezing Field, Crystal Nova, Frostbite","Crystal Nova, Frostbite, Arcane Aura, Frostbite, Frostbite, Freezing Field, Frostbite, Arcane Aura, Arcane Aura, +200 Health","Crystal Nova, Frostbite, Arcane Aura, Frostbite, Frostbite, Freezing Field, Frostbite, Crystal Nova, Crystal Nova, +200 Health"
Drow Ranger,"Frost Arrows, Multishot, Frost Arrows, Gust, Multishot, Marksmanship, Multishot, Multishot, Frost Arrows, Frost Arrows","Frost Arrows, Multishot, Frost Arrows, Multishot, Multishot, Marksmanship, Frost Arrows, Multishot, Gust, Frost Arrows","Frost Arrows, Multishot, Frost Arrows, Gust, Multishot, Marksmanship, Multishot, Multishot, Frost Arrows, Frost Arrows","Multishot, Frost Arrows, Multishot, Frost Arrows, Multishot, Marksmanship, Multishot, Frost Arrows, Gust, Frost Arrows","Frost Arrows, Multishot, Frost Arrows, Multishot, Multishot, Marksmanship, Multishot, Gust, Frost Arrows, Frost Arrows"
Earthshaker,"Enchant Totem, Aftershock, Enchant Totem, Aftershock, Enchant Totem, Echo Slam, Enchant Totem, Fissure, Aftershock, +30 Base Damage","Enchant Totem, Aftershock, Enchant Totem, Fissure, Enchant Totem, Echo Slam, Enchant Totem, Aftershock, Aftershock, +30 Base Damage","Enchant Totem, Aftershock, Enchant Totem, Fissure, Enchant Totem, Echo Slam, Enchant Totem, Aftershock, Aftershock, +30 Base Damage","Fissure, Enchant Totem, Aftershock, Fissure, Fissure, Echo Slam, Fissure, Aftershock, Aftershock, +90 Fissure Damage","Fissure, Enchant Totem, Aftershock, Aftershock, Aftershock, Echo Slam, Aftershock, Fissure, Fissure, Fissure"
Juggernaut,"Blade Fury, Blade Dance, Blade Fury, Healing Ward, Blade Fury, Omnislash, Blade Fury, Blade Dance, Blade Dance, Blade Dance","Blade Fury, Healing Ward, Blade Fury, Healing Ward, Blade Fury, Healing Ward, Blade Fury, Healing Ward, Blade Dance, -10s Healing Ward Cooldown","Blade Fury, Blade Dance, Blade Fury, Healing Ward, Blade Fury, Omnislash, Blade Fury, Blade Dance, Blade Dance, Blade Dance","Blade Fury, Healing Ward, Healing Ward, Blade Fury, Healing Ward, Omnislash, Blade Fury, Blade Fury, Healing Ward, Blade Dance","Blade Fury, Healing Ward, Blade Fury, Blade Dance, Blade Fury, Omnislash, Blade Fury, Blade Dance, Blade Dance, Blade Dance"
Mirana,"Starstorm, Leap, Starstorm, Sacred Arrow, Starstorm, Solar Flare, Starstorm, Leap, Leap, Leap","Sacred Arrow, Starstorm, Starstorm, Leap, Starstorm, Solar Flare, Starstorm, Leap, Leap, Leap","Sacred Arrow, Leap, Starstorm, Starstorm, Starstorm, Solar Flare, Starstorm, Leap, Leap, Leap","Sacred Arrow, Leap, Starstorm, Starstorm, Starstorm, Solar Flare, Starstorm, Leap, Leap, Leap","Sacred Arrow, Leap, Starstorm, Starstorm, Starstorm, Solar Flare, Starstorm, Sacred Arrow, Sacred Arrow, Sacred Arrow"
Morphling,"Attribute Shift (Agility Gain), Waveform, Waveform, Adaptive Strike (Agility), Waveform, Attribute Shift (Agility Gain), Waveform, Unknown, Unknown, +250 Waveform Range","Attribute Shift (Agility Gain), Waveform, Waveform, Adaptive Strike (Agility), Waveform, Attribute Shift (Agility Gain), Waveform, Morph, Unknown, +250 Waveform Range","Attribute Shift (Agility Gain), Waveform, Waveform, Adaptive Strike (Agility), Waveform, Attribute Shift (Agility Gain), Waveform, Unknown, Unknown, +250 Waveform Range","Attribute Shift (Strength Gain), Waveform, Waveform, Adaptive Strike (Agility), Waveform, Morph, Waveform, Attribute Shift (Agility Gain), Attribute Shift (Agility Gain), +250 Waveform Range","Attribute Shift (Agility Gain), Waveform, Waveform, Adaptive Strike (Agility), Waveform, Attribute Shift (Agility Gain), Waveform, Unknown, Unknown, +250 Waveform Range"
Shadow Fiend,"Shadowraze, Presence of the Dark Lord, Shadowraze, Presence of the Dark Lord, Shadowraze, Requiem of Souls, Shadowraze, Presence of the Dark Lord, Presence of the Dark Lord, Unknown","Shadowraze, Presence of the Dark Lord, Shadowraze, Presence of the Dark Lord, Shadowraze, Requiem of Souls, Shadowraze, Presence of the Dark Lord, Presence of the Dark Lord, Unknown","Shadowraze, Presence of the Dark Lord, Shadowraze, Presence of the Dark Lord, Shadowraze, Requiem of Souls, Shadowraze, Presence of the Dark Lord, Presence of the Dark Lord, Unknown","Shadowraze, Presence of the Dark Lord, Shadowraze, Presence of the Dark Lord, Shadowraze, Requiem of Souls, Shadowraze, Presence of the Dark Lord, Presence of the Dark Lord, +30 Shadowraze Stack Damage","Shadowraze, Presence of the Dark Lord, Shadowraze, Presence of the Dark Lord, Shadowraze, Requiem of Souls, Shadowraze, Presence of the Dark Lord, Presence of the Dark Lord, Unknown"
Phantom Lancer,"Doppelganger, Phantom Rush, Spirit Lance, Phantom Rush, Phantom Rush, Juxtapose, Phantom Rush, Spirit Lance, Spirit Lance, +10 Phantom Rush Agility","Doppelganger, Phantom Rush, Spirit Lance, Phantom Rush, Phantom Rush, Juxtapose, Phantom Rush, Spirit Lance, Spirit Lance, Spirit Lance","Spirit Lance, Doppelganger, Phantom Rush, Spirit Lance, Spirit Lance, Juxtapose, Spirit Lance, Doppelganger, Doppelganger, Doppelganger","Spirit Lance, Phantom Rush, Phantom Rush, Doppelganger, Phantom Rush, Juxtapose, Phantom Rush, Spirit Lance, Spirit Lance, +10 Phantom Rush Agility","Spirit Lance, Phantom Rush, Spirit Lance, Phantom Rush, Spirit Lance, Juxtapose"
Puck,"Illusory Orb, Phase Shift, Illusory Orb, Waning Rift, Illusory Orb, Dream Coil, Illusory Orb, Waning Rift, Waning Rift, Waning Rift","Illusory Orb, Phase Shift, Illusory Orb, Waning Rift, Illusory Orb, Dream Coil, Illusory Orb, Waning Rift, Waning Rift, Waning Rift","Illusory Orb, Phase Shift, Illusory Orb, Waning Rift, Illusory Orb, Dream Coil, Illusory Orb, Waning Rift, Waning Rift, Waning Rift","Illusory Orb, Phase Shift, Illusory Orb, Waning Rift, Illusory Orb, Dream Coil, Illusory Orb, Waning Rift, Waning Rift, Waning Rift","Illusory Orb, Phase Shift, Illusory Orb, Waning Rift, Illusory Orb, Dream Coil, Illusory Orb, Waning Rift, Waning Rift, Waning Rift"
Pudge,"Meat Hook, Rot, Rot, Meat Shield, Rot, Dismember, Rot, Meat Shield, Meat Shield, Meat Shield","Meat Hook, Rot, Rot, Meat Shield, Rot, Dismember, Rot, Meat Shield, Meat Shield, Meat Shield","Meat Hook, Rot, Rot, Meat Shield, Rot, Dismember, Rot, Meat Shield, Meat Shield, Meat Shield","Meat Hook, Rot, Meat Hook, Rot, Meat Hook, Dismember, Meat Hook, Rot, Rot, Meat Shield","Meat Hook, Rot, Meat Hook, Rot, Meat Hook, Dismember, Meat Hook, Rot, Rot, Meat Shield"
Razor,"Plasma Field, Static Link, Static Link, Plasma Field, Plasma Field, Eye of the Storm, Plasma Field, Storm Surge, Storm Surge, Storm Surge","Static Link, Plasma Field, Static Link, Plasma Field, Plasma Field, Eye of the Storm, Plasma Field, Storm Surge, Storm Surge, Storm Surge","Plasma Field, Static Link, Static Link, Plasma Field, Plasma Field, Eye of the Storm, Plasma Field, Storm Surge, Storm Surge, Storm Surge","Static Link, Plasma Field, Plasma Field, Static Link, Plasma Field, Eye of the Storm, Plasma Field, Storm Surge, Storm Surge, Storm Surge","Plasma Field, Static Link, Plasma Field, Static Link, Plasma Field, Eye of the Storm, Plasma Field, Static Link, Static Link, Storm Surge"
Sand King,"Burrowstrike, Stinger, Sand Storm, Sand Storm, Sand Storm, Epicenter, Sand Storm, Burrowstrike, Burrowstrike, Burrowstrike","Sand Storm, Stinger, Sand Storm, Burrowstrike, Sand Storm, Epicenter, Sand Storm, Burrowstrike, Burrowstrike, Burrowstrike","Burrowstrike, Stinger, Sand Storm, Sand Storm, Sand Storm, Epicenter, Sand Storm, Burrowstrike, Burrowstrike, Burrowstrike","Burrowstrike, Sand Storm, Sand Storm, Stinger, Sand Storm, Epicenter, Sand Storm, Burrowstrike, Burrowstrike, Burrowstrike","Burrowstrike, Stinger, Sand Storm, Sand Storm, Sand Storm, Epicenter, Sand Storm, Burrowstrike, Burrowstrike, Burrowstrike"
Storm Spirit,"Static Remnant, Overload, Static Remnant, Electric Vortex, Static Remnant, Ball Lightning, Static Remnant, Overload, Overload, Overload","Static Remnant, Overload, Static Remnant, Electric Vortex, Static Remnant, Ball Lightning, Static Remnant, Overload, Overload, Overload","Static Remnant, Overload, Static Remnant, Electric Vortex, Static Remnant, Ball Lightning, Static Remnant, Overload, Overload, Overload","Static Remnant, Overload, Static Remnant, Electric Vortex, Static Remnant, Ball Lightning, Static Remnant, Overload, Overload, Overload","Static Remnant, Overload, Static Remnant, Overload, Static Remnant, Ball Lightning, Static Remnant, Overload, Overload, +20 Overload Damage"
Sven,"Storm Hammer, Warcry, Great Cleave, Great Cleave, Great Cleave, God's Strength, Great Cleave, Warcry, Warcry, +20 Attack Speed","Storm Hammer, Warcry, Great Cleave, Great Cleave, Great Cleave, God's Strength, Great Cleave, Storm Hammer, Storm Hammer, +20 Attack Speed","Storm Hammer, Warcry, Great Cleave, Great Cleave, Great Cleave, God's Strength, Great Cleave, Warcry, Warcry, +20 Attack Speed","Storm Hammer, Warcry, Storm Hammer, Warcry, Storm Hammer, Warcry, Storm Hammer, Warcry, God's Strength, +5s Warcry Duration","Storm Hammer, Warcry, Storm Hammer, Warcry, Storm Hammer, God's Strength, Storm Hammer, Warcry, Warcry, +5s Warcry Duration"
Tiny,"Tree Grab, Avalanche, Toss, Toss, Toss, Grow, Toss, Avalanche, Avalanche, Avalanche","Tree Grab, Avalanche, Toss, Toss, Toss, Grow, Toss, Avalanche, Avalanche, Avalanche","Tree Grab, Avalanche, Toss, Toss, Toss, Grow, Toss, Avalanche, Avalanche, Avalanche","Tree Grab, Avalanche, Toss, Toss, Toss, Grow, Toss, Avalanche, Avalanche, Avalanche","Tree Grab, Avalanche, Toss, Toss, Toss, Grow, Toss, Avalanche, Avalanche, Avalanche"
Vengeful Spirit,"Wave of Terror, Magic Missile, Wave of Terror, Vengeance Aura, Wave of Terror, Nether Swap, Wave of Terror, Vengeance Aura, Vengeance Aura, Vengeance Aura","Wave of Terror, Magic Missile, Magic Missile, Wave of Terror, Magic Missile, Nether Swap, Magic Missile, Wave of Terror, Wave of Terror, +150 Nether Swap Enemy Damage","Magic Missile, Wave of Terror, Magic Missile, Wave of Terror, Magic Missile, Nether Swap, Magic Missile, Wave of Terror, Wave of Terror, +150 Nether Swap Enemy Damage","Magic Missile, Wave of Terror, Magic Missile, Wave of Terror, Magic Missile, Nether Swap, Magic Missile, Wave of Terror, Wave of Terror, +150 Nether Swap Enemy Damage","Magic Missile, Wave of Terror, Magic Missile, Wave of Terror, Magic Missile, Nether Swap, Magic Missile, Wave of Terror, Wave of Terror, +150 Nether Swap Enemy Damage"
Windranger,"Powershot, Windrun, Powershot, Shackleshot, Powershot, Focus Fire, Powershot, Windrun, Windrun, Windrun","Powershot, Windrun, Powershot, Shackleshot, Powershot, Focus Fire, Powershot, Windrun, Windrun, Windrun","Powershot, Windrun, Powershot, Shackleshot, Powershot, Focus Fire, Powershot, Windrun, Windrun, Windrun","Powershot, Windrun, Powershot, Shackleshot, Powershot, Focus Fire, Powershot, Windrun, Windrun, Windrun","Powershot, Windrun, Powershot, Shackleshot, Powershot, Focus Fire, Powershot, Windrun, Windrun, Windrun"
Zeus,"Heavenly Jump, Arc Lightning, Arc Lightning, Heavenly Jump, Arc Lightning, Thundergod's Wrath, Lightning Bolt, Arc Lightning, Heavenly Jump, Heavenly Jump","Arc Lightning, Heavenly Jump, Arc Lightning, Lightning Bolt, Arc Lightning, Thundergod's Wrath, Arc Lightning, Lightning Bolt, Lightning Bolt, Lightning Bolt","Arc Lightning, Heavenly Jump, Arc Lightning, Lightning Bolt, Arc Lightning, Thundergod's Wrath, Arc Lightning, Lightning Bolt, Lightning Bolt, Lightning Bolt","Lightning Bolt, Heavenly Jump, Lightning Bolt, Arc Lightning, Lightning Bolt, Thundergod's Wrath, Lightning Bolt, Arc Lightning, Arc Lightning, Arc Lightning","Lightning Bolt, Heavenly Jump, Lightning Bolt, Arc Lightning, Lightning Bolt, Thundergod's Wrath, Lightning Bolt, Arc Lightning, Arc Lightning, Arc Lightning"
Kunkka,"Tidebringer, Torrent, Tidebringer, X Marks the Spot, Tidebringer, Ghostship, Tidebringer, X Marks the Spot, X Marks the Spot, Tidebringer applies 60% slow for 60_durations","Torrent, Tidebringer, Torrent, Tidebringer, Torrent, Tidebringer, Torrent, Tidebringer, X Marks the Spot, Tidebringer applies 60% slow for 60_durations","Tidebringer, Torrent, Tidebringer, X Marks the Spot, Tidebringer, Ghostship, Tidebringer, X Marks the Spot, X Marks the Spot, X Marks the Spot","Torrent, X Marks the Spot, Torrent, X Marks the Spot, Torrent, Ghostship, Torrent, X Marks the Spot, X Marks the Spot, +25% X Marks the Spot Move Speed","Torrent, X Marks the Spot, Torrent, X Marks the Spot, Torrent, Ghostship, Torrent, X Marks the Spot, X Marks the Spot, +25% X Marks the Spot Move Speed"
Lina,"Light Strike Array, Fiery Soul, Fiery Soul, Dragon Slave, Fiery Soul, Laguna Blade, Fiery Soul, Light Strike Array, Light Strike Array, +25 Damage","Dragon Slave, Fiery Soul, Dragon Slave, Light Strike Array, Dragon Slave, Laguna Blade, Dragon Slave, Fiery Soul, Fiery Soul, -3.5s Dragon Slave Cooldown","Light Strike Array, Fiery Soul, Dragon Slave, Dragon Slave, Dragon Slave, Laguna Blade, Dragon Slave, Fiery Soul, Light Strike Array, -3.5s Dragon Slave Cooldown","Light Strike Array, Dragon Slave, Dragon Slave, Light Strike Array, Dragon Slave, Laguna Blade, Dragon Slave, Light Strike Array, Light Strike Array, -3.5s Dragon Slave Cooldown","Light Strike Array, Dragon Slave, Dragon Slave, Fiery Soul, Dragon Slave, Laguna Blade, Dragon Slave, Light Strike Array, Light Strike Array, Light Strike Array"
Lion,"Earth Spike, Hex, Earth Spike, Mana Drain, Earth Spike, Finger of Death, Earth Spike, Mana Drain, Mana Drain, +65 Earth Spike Damage","Earth Spike, Mana Drain, Earth Spike, Hex, Earth Spike, Finger of Death, Earth Spike, Hex, Hex, +65 Earth Spike Damage","Earth Spike, Mana Drain, Earth Spike, Mana Drain, Earth Spike, Finger of Death, Earth Spike, Hex, Mana Drain, Mana Drain","Earth Spike, Mana Drain, Mana Drain, Hex, Mana Drain, Finger of Death, Mana Drain, Earth Spike, Earth Spike, Earth Spike","Earth Spike, Mana Drain, Mana Drain, Hex, Mana Drain, Finger of Death, Mana Drain, Earth Spike, Earth Spike, Earth Spike"
Shadow Shaman,"Ether Shock, Shackles, Ether Shock, Shackles, Shackles, Mass Serpent Ward, Hex, Ether Shock, Ether Shock","Ether Shock, Shackles, Ether Shock, Hex, Ether Shock, Mass Serpent Ward, Ether Shock, Hex, Shackles, Shackles","Shackles, Hex, Shackles, Hex, Shackles, Mass Serpent Ward, Ether Shock, Hex, Hex, Shackles","Shackles, Ether Shock, Shackles, Hex, Shackles, Mass Serpent Ward, Shackles, Hex, Hex, Hex","Shackles, Ether Shock, Shackles, Hex, Shackles, Mass Serpent Ward, Shackles, Hex, Hex, Hex"
Slardar,"Bash of the Deep, Slithereen Crush, Bash of the Deep, Guardian Sprint, Bash of the Deep, Corrosive Haze, Bash of the Deep, Guardian Sprint, Guardian Sprint, Guardian Sprint","Slithereen Crush, Bash of the Deep, Slithereen Crush, Guardian Sprint, Slithereen Crush, Corrosive Haze, Slithereen Crush, Guardian Sprint, Guardian Sprint, Guardian Sprint","Slithereen Crush, Bash of the Deep, Bash of the Deep, Guardian Sprint, Bash of the Deep, Corrosive Haze, Bash of the Deep, Guardian Sprint, Guardian Sprint, Guardian Sprint","Guardian Sprint, Slithereen Crush, Guardian Sprint, Slithereen Crush, Guardian Sprint, Slithereen Crush, Guardian Sprint, Slithereen Crush, Bash of the Deep","Guardian Sprint, Slithereen Crush, Guardian Sprint, Slithereen Crush, Guardian Sprint, Slithereen Crush, Guardian Sprint, Slithereen Crush, Bash of the Deep"
Tidehunter,"Anchor Smash, Kraken Shell, Kraken Shell, Anchor Smash, Anchor Smash, Ravage, Anchor Smash, Kraken Shell, Gush, Kraken Shell","Anchor Smash, Kraken Shell, Anchor Smash, Gush, Anchor Smash, Ravage, Anchor Smash, Kraken Shell, Kraken Shell, +40 Anchor Smash Damage","Gush, Anchor Smash, Anchor Smash, Kraken Shell, Anchor Smash, Ravage, Anchor Smash, Kraken Shell, Kraken Shell, +40 Anchor Smash Damage","Gush, Kraken Shell, Gush, Kraken Shell, Gush, Kraken Shell, Gush, Kraken Shell, Anchor Smash, +40 Anchor Smash Damage","Gush, Kraken Shell, Gush, Kraken Shell, Gush, Kraken Shell, Gush, Kraken Shell, Anchor Smash, +15% Gush Slow"
Witch Doctor,"Paralyzing Cask, Maledict, Paralyzing Cask, Maledict, Paralyzing Cask, Death Ward, Maledict, Paralyzing Cask, Maledict, +200 Health","Paralyzing Cask, Maledict, Paralyzing Cask, Maledict, Paralyzing Cask, Death Ward, Paralyzing Cask, Maledict, Maledict, +200 Health","Paralyzing Cask, Maledict, Paralyzing Cask, Voodoo Restoration, Paralyzing Cask, Voodoo Restoration, Paralyzing Cask, Voodoo Restoration, Voodoo Restoration, Death Ward","Paralyzing Cask, Maledict, Paralyzing Cask, Maledict, Paralyzing Cask, Death Ward, Paralyzing Cask, Maledict, Maledict, +200 Health","Paralyzing Cask, Maledict, Paralyzing Cask, Maledict, Paralyzing Cask, Death Ward, Paralyzing Cask, Maledict, Maledict, +200 Health"
Lich,"Frost Blast, Frost Shield, Frost Blast, Sinister Gaze, Frost Blast, Chain Frost, Frost Blast, Frost Shield, Frost Shield, Frost Shield","Frost Blast, Frost Blast, Frost Blast, Sinister Gaze, Chain Frost, Sinister Gaze, Frost Shield","Frost Blast, Frost Shield, Frost Blast, Sinister Gaze, Frost Blast, Chain Frost, Frost Blast, Sinister Gaze, Sinister Gaze, +125 Frost Blast Radius and Damage","Frost Blast, Frost Shield, Frost Blast, Sinister Gaze, Frost Blast, Chain Frost, Frost Blast, Frost Shield, Frost Shield, Frost Shield","Frost Blast, Frost Shield, Frost Blast, Sinister Gaze, Frost Blast, Chain Frost, Frost Blast, Frost Shield, Frost Shield, Frost Shield"
Riki,"Blink Strike, Tricks of the Trade, Blink Strike, Smoke Screen, Blink Strike, Cloak and Dagger, Blink Strike, Tricks of the Trade, Tricks of the Trade, Tricks of the Trade","Blink Strike, Tricks of the Trade, Blink Strike, Smoke Screen, Blink Strike, Cloak and Dagger, Blink Strike, Tricks of the Trade, Tricks of the Trade, Tricks of the Trade","Blink Strike, Tricks of the Trade, Blink Strike, Smoke Screen, Blink Strike, Cloak and Dagger, Blink Strike, Tricks of the Trade, Tricks of the Trade, Tricks of the Trade","Blink Strike, Tricks of the Trade, Blink Strike, Smoke Screen, Blink Strike, Cloak and Dagger, Blink Strike, Smoke Screen, Smoke Screen, Smoke Screen","Blink Strike, Tricks of the Trade, Blink Strike, Smoke Screen, Blink Strike, Cloak and Dagger, Blink Strike, Smoke Screen, Smoke Screen, Smoke Screen"
Enigma,"Demonic Summoning, Malefice, Demonic Summoning, Malefice, Demonic Summoning, Black Hole, Demonic Summoning, Malefice, Malefice, +10 Eidolon Attack Speed","Demonic Summoning, Malefice, Demonic Summoning, Malefice, Demonic Summoning, Black Hole, Demonic Summoning, Malefice, Malefice, Midnight Pulse","Demonic Summoning, Malefice, Demonic Summoning, Malefice, Demonic Summoning, Black Hole, Demonic Summoning, Malefice, Malefice, +10 Eidolon Attack Speed","Demonic Summoning, Malefice, Demonic Summoning, Malefice, Demonic Summoning, Black Hole, Demonic Summoning, Malefice, Malefice, Midnight Pulse","Demonic Summoning, Malefice, Demonic Summoning, Malefice, Demonic Summoning, Black Hole, Demonic Summoning, Malefice, Malefice, +10 Eidolon Attack Speed"
Tinker,"March of the Machines, Laser, March of the Machines, Defense Matrix, March of the Machines, Rearm, March of the Machines, Defense Matrix, Defense Matrix, Defense Matrix","Laser, March of the Machines, March of the Machines, Defense Matrix, March of the Machines, Rearm, March of the Machines, Laser, Laser, Laser","March of the Machines, Laser, March of the Machines, Laser, March of the Machines, Rearm, March of the Machines, Laser, Laser, +1s March of the Machines Duration","March of the Machines, Laser, March of the Machines, Defense Matrix, March of the Machines, Rearm, March of the Machines, Defense Matrix, Defense Matrix, Defense Matrix","March of the Machines, Laser, March of the Machines, Defense Matrix, March of the Machines, Rearm, March of the Machines, Defense Matrix, Defense Matrix, +1s March of the Machines Duration"
Sniper,"Shrapnel, Headshot, Shrapnel, Headshot, Shrapnel, Assassinate, Shrapnel, Headshot, Headshot, +30 Headshot Damage","Shrapnel, Headshot, Shrapnel, Headshot, Shrapnel, Assassinate, Shrapnel, Headshot, Headshot, +30 Headshot Damage","Shrapnel, Headshot, Shrapnel, Headshot, Shrapnel, Assassinate, Shrapnel, Headshot, Headshot, +30 Headshot Damage","Shrapnel, Headshot, Shrapnel, Headshot, Shrapnel, Assassinate, Shrapnel, Headshot, Headshot, +30 Headshot Damage","Shrapnel, Headshot, Shrapnel, Take Aim, Shrapnel, Assassinate, Shrapnel, Headshot, Headshot, Headshot"
Necrophos,"Death Pulse, Heartstopper Aura, Death Pulse, Ghost Shroud, Death Pulse, Reaper's Scythe, Death Pulse, Heartstopper Aura, Heartstopper Aura, +2s Sadist Stack Duration","Death Pulse, Heartstopper Aura, Death Pulse, Heartstopper Aura, Death Pulse, Reaper's Scythe, Death Pulse, Ghost Shroud, Heartstopper Aura, Heartstopper Aura","Death Pulse, Heartstopper Aura, Death Pulse, Ghost Shroud, Death Pulse, Reaper's Scythe, Death Pulse, Heartstopper Aura, Heartstopper Aura, Heartstopper Aura","Death Pulse, Heartstopper Aura, Death Pulse, Ghost Shroud, Death Pulse, Reaper's Scythe, Death Pulse, Heartstopper Aura, Heartstopper Aura, +125 Reaper's Scythe Cast Range","Death Pulse, Heartstopper Aura, Death Pulse, Heartstopper Aura, Death Pulse, Heartstopper Aura, Death Pulse, Heartstopper Aura, Ghost Shroud, Ghost Shroud"
Warlock,"Shadow Word, Fatal Bonds, Shadow Word, Fatal Bonds, Shadow Word, Chaotic Offering, Shadow Word, Fatal Bonds, Fatal Bonds, +4% Fatal Bonds Damage","Fatal Bonds, Shadow Word, Shadow Word, Fatal Bonds, Shadow Word, Chaotic Offering, Shadow Word, Fatal Bonds, Fatal Bonds, +4% Fatal Bonds Damage","Fatal Bonds, Shadow Word, Shadow Word, Fatal Bonds, Shadow Word, Chaotic Offering, Shadow Word, Fatal Bonds, Fatal Bonds, +4% Fatal Bonds Damage","Fatal Bonds, Shadow Word, Shadow Word, Fatal Bonds, Shadow Word, Chaotic Offering, Shadow Word, Fatal Bonds, Fatal Bonds, +4% Fatal Bonds Damage","Fatal Bonds, Shadow Word, Shadow Word, Fatal Bonds, Shadow Word, Chaotic Offering, Shadow Word, Fatal Bonds, Fatal Bonds, +4% Fatal Bonds Damage"
Beastmaster,"Wild Axes, Call of the Wild Boar, Wild Axes, Call of the Wild Boar, Wild Axes, Call of the Wild Boar, Wild Axes, Call of the Wild Boar, 10% Inner Beast Magic Resist","Wild Axes, Call of the Wild Boar, Wild Axes, Call of the Wild Boar, Wild Axes, Primal Roar, Wild Axes, Call of the Wild Boar, Call of the Wild Boar, Inner Beast","Call of the Wild Boar, Wild Axes, Call of the Wild Boar, Wild Axes, Wild Axes, Primal Roar, Wild Axes, Inner Beast, Inner Beast, Inner Beast","Wild Axes, Call of the Wild Boar, Wild Axes, Call of the Wild Boar, Wild Axes, Call of the Wild Boar, Wild Axes, Call of the Wild Boar, +2% Wild Axes Damage Amp Per Stack","Call of the Wild Boar, Inner Beast, Call of the Wild Boar, Inner Beast, Call of the Wild Boar, Primal Roar, Call of the Wild Boar, Inner Beast, Inner Beast, 10% Inner Beast Magic Resist"
Queen Of Pain,"Scream Of Pain, Blink, Scream Of Pain, Blink, Scream Of Pain, Sonic Wave, Scream Of Pain, Blink, Blink, +7 Strength","Scream Of Pain, Blink, Scream Of Pain, Blink, Scream Of Pain, Sonic Wave, Scream Of Pain, Blink, Blink, +8 Strength","Scream Of Pain, Blink, Scream Of Pain, Blink, Scream Of Pain, Sonic Wave, Scream Of Pain, Blink, Blink, +8 Strength","Shadow Strike, Blink, Shadow Strike, Blink, Shadow Strike, Sonic Wave, Shadow Strike, Blink, Blink, +8 Strength","Shadow Strike, Blink, Shadow Strike, Blink, Shadow Strike, Sonic Wave, Shadow Strike, Blink, Blink, +7 Strength"
Venomancer,"Plague Ward, Poison Sting, Plague Ward, Poison Sting, Plague Ward, Noxious Plague, Plague Ward, Poison Sting, Poison Sting, 15% Poison Sting Health Regen Reduction","Plague Ward, Poison Sting, Plague Ward, Venomous Gale, Plague Ward, Noxious Plague, Plague Ward, Poison Sting, Poison Sting, Poison Sting","Plague Ward, Poison Sting, Plague Ward, Venomous Gale, Plague Ward, Noxious Plague, Plague Ward, Poison Sting, Poison Sting, Poison Sting","Plague Ward, Poison Sting, Plague Ward, Venomous Gale, Plague Ward, Noxious Plague, Plague Ward, Poison Sting, Poison Sting, Poison Sting","Venomous Gale, Poison Sting, Poison Sting, Plague Ward, Poison Sting, Noxious Plague, Poison Sting, Plague Ward, Plague Ward, 15% Poison Sting Health Regen Reduction"
Faceless Void,"Time Walk, Time Dilation, Time Lock, Time Walk, Time Walk, Chronosphere, Time Walk, Time Lock, Time Lock, Time Lock","Time Walk, Time Dilation, Time Walk, Time Lock, Time Walk, Time Zone, Time Walk, Time Dilation, Time Dilation, Time Dilation","Time Walk, Time Dilation, Time Lock, Time Walk, Time Walk, Time Zone, Time Walk, Time Dilation, Time Dilation, Time Dilation","Time Walk, Time Dilation, Time Dilation, Time Walk, Time Dilation, Time Zone, Time Dilation, Time Walk, Time Walk, +7 Time Dilation DPS Per Cooldown","Time Walk, Time Dilation, Time Walk, Time Dilation, Time Walk, Time Zone, Time Walk, Time Dilation, Time Dilation, +7 Time Dilation DPS Per Cooldown"
Wraith King,"Wraithfire Blast, Mortal Strike, Spectral Blade, Mortal Strike, Mortal Strike, Reincarnation, Mortal Strike, Spectral Blade, Spectral Blade, Spectral Blade","Wraithfire Blast, Bone Guard, Bone Guard, Mortal Strike, Bone Guard, Reincarnation, Bone Guard, Mortal Strike, Mortal Strike, Mortal Strike","Wraithfire Blast, Bone Guard, Bone Guard, Mortal Strike, Bone Guard, Reincarnation, Bone Guard, Wraithfire Blast, Wraithfire Blast, Wraithfire Blast","Wraithfire Blast, Spectral Blade, Wraithfire Blast, Spectral Blade, Wraithfire Blast, Spectral Blade, Wraithfire Blast, Spectral Blade, Mortal Strike","Wraithfire Blast, Bone Guard, Wraithfire Blast, Bone Guard, Wraithfire Blast, Reincarnation"
Death Prophet,"Crypt Swarm, Spirit Siphon, Spirit Siphon, Crypt Swarm, Spirit Siphon, Exorcism, Crypt Swarm, Crypt Swarm, Silence, +12% Magic Resistance","Crypt Swarm, Spirit Siphon, Spirit Siphon, Crypt Swarm, Spirit Siphon, Exorcism, Spirit Siphon, Crypt Swarm, Crypt Swarm, Silence","Crypt Swarm, Spirit Siphon, Spirit Siphon, Crypt Swarm, Spirit Siphon, Exorcism, Spirit Siphon, Silence, Crypt Swarm, Crypt Swarm","Crypt Swarm, Spirit Siphon, Spirit Siphon, Silence, Spirit Siphon, Exorcism, Spirit Siphon, Crypt Swarm, Crypt Swarm, +12% Magic Resistance","Spirit Siphon, Silence, Spirit Siphon, Crypt Swarm, Spirit Siphon, Exorcism, Spirit Siphon, Crypt Swarm, Crypt Swarm, Crypt Swarm"
Phantom Assassin,"Stifling Dagger, Phantom Strike, Stifling Dagger, Phantom Strike, Stifling Dagger, Coup de Grace, Phantom Strike, Phantom Strike, Stifling Dagger, +0.5s Phantom Strike Duration","Stifling Dagger, Phantom Strike, Stifling Dagger, Phantom Strike, Stifling Dagger, Coup de Grace, Stifling Dagger, Phantom Strike, Phantom Strike, -2s Stifling Dagger Cooldown","Stifling Dagger, Phantom Strike, Stifling Dagger, Phantom Strike, Stifling Dagger, Coup de Grace, Stifling Dagger, Phantom Strike, Phantom Strike, -2s Stifling Dagger Cooldown","Stifling Dagger, Phantom Strike, Stifling Dagger, Phantom Strike, Stifling Dagger, Coup de Grace, Stifling Dagger, Phantom Strike, Phantom Strike, -2s Stifling Dagger Cooldown","Stifling Dagger, Phantom Strike, Stifling Dagger, Phantom Strike, Stifling Dagger, Coup de Grace, Stifling Dagger, Phantom Strike, Phantom Strike, Blur"
Pugna,"Nether Blast, Decrepify, Nether Blast, Decrepify, Nether Blast, Life Drain, Decrepify","Nether Blast, Decrepify, Nether Blast, Decrepify, Nether Blast, Life Drain, Nether Blast, Decrepify, Decrepify, Nether Ward","Nether Blast, Decrepify, Nether Blast, Decrepify, Nether Blast, Life Drain, Nether Blast, Decrepify, Decrepify, -1s Nether Blast Cooldown","Nether Blast, Nether Ward, Nether Blast, Decrepify, Nether Blast, Life Drain, Nether Blast, Nether Ward, Nether Ward, Nether Ward","Nether Blast, Nether Ward, Nether Blast, Decrepify, Nether Blast, Life Drain, Nether Blast, Nether Ward, Nether Ward, Nether Ward"
Templar Assassin,"Meld, Psi Blades, Meld, Refraction, Meld, Psionic Trap, Meld, Refraction, Refraction, Refraction","Psi Blades, Refraction, Refraction, Psi Blades, Refraction, Psionic Trap, Refraction, Meld, Meld, +20 Refraction Damage","Meld, Psi Blades, Meld, Refraction, Meld, Psionic Trap, Meld, Refraction, Refraction, Refraction","Psi Blades, Refraction, Refraction, Psi Blades, Refraction, Psionic Trap, Refraction, Meld, Meld, Meld","Meld, Psi Blades, Meld, Refraction, Meld, Psionic Trap, Meld, Refraction, Refraction, Refraction"
Viper,"Poison Attack, Corrosive Skin, Poison Attack, Corrosive Skin, Poison Attack, Viper Strike, Poison Attack, Corrosive Skin, Corrosive Skin, Nethertoxin","Poison Attack, Corrosive Skin, Poison Attack, Corrosive Skin, Poison Attack, Viper Strike, Poison Attack, Corrosive Skin, Corrosive Skin, +4% Poison Attack Magic Resistance Reduction","Poison Attack, Corrosive Skin, Poison Attack, Corrosive Skin, Poison Attack, Viper Strike, Poison Attack, Corrosive Skin, Corrosive Skin, +4% Poison Attack Magic Resistance Reduction","Poison Attack, Corrosive Skin, Poison Attack, Corrosive Skin, Poison Attack, Viper Strike, Poison Attack, Nethertoxin, Corrosive Skin, Corrosive Skin","Poison Attack, Nethertoxin, Nethertoxin, Poison Attack, Nethertoxin, Viper Strike, Nethertoxin, Poison Attack, Poison Attack, +4% Poison Attack Magic Resistance Reduction"
Luna,"Lucent Beam, Moon Glaives, Lucent Beam, Moon Glaives, Lucent Beam, Eclipse, Lucent Beam, Moon Glaives, Moon Glaives, -8% Moon Glaives Damage Reduction","Lucent Beam, Moon Glaives, Lucent Beam, Moon Glaives, Lucent Beam, Eclipse, Lucent Beam, Moon Glaives, Moon Glaives, -8% Moon Glaives Damage Reduction","Lucent Beam, Moon Glaives, Lucent Beam, Moon Glaives, Lucent Beam, Eclipse, Lucent Beam, Moon Glaives, Moon Glaives, -8% Moon Glaives Damage Reduction","Lucent Beam, Moon Glaives, Lucent Beam, Moon Glaives, Lucent Beam, Eclipse, Lucent Beam, Moon Glaives, Moon Glaives, +0.4s Lucent Beam Ministun","Lucent Beam, Moon Glaives, Lucent Beam, Moon Glaives, Lucent Beam, Eclipse, Lucent Beam, Moon Glaives, Moon Glaives, -8% Moon Glaives Damage Reduction"
Dragon Knight,"Breathe Fire, Dragon Tail, Breathe Fire, Wyrm's Wrath, Wyrm's Wrath, Elder Dragon Form, Wyrm's Wrath, Wyrm's Wrath, Breathe Fire, +15 Damage","Breathe Fire, Dragon Tail, Breathe Fire, Dragon Tail, Breathe Fire, Dragon Tail, Breathe Fire, Dragon Tail, Wyrm's Wrath, 30% Breathe Fire Damage Reduction","Breathe Fire, Dragon Tail, Breathe Fire, Wyrm's Wrath, Wyrm's Wrath, Elder Dragon Form, Wyrm's Wrath, Wyrm's Wrath, Breathe Fire, +15 Damage","Dragon Tail, Breathe Fire, Breathe Fire, Wyrm's Wrath, Breathe Fire, Elder Dragon Form, Breathe Fire, Wyrm's Wrath, Wyrm's Wrath, Dragon Tail","Breathe Fire, Dragon Tail, Breathe Fire, Wyrm's Wrath, Wyrm's Wrath, Elder Dragon Form, Wyrm's Wrath, Wyrm's Wrath, Breathe Fire, +15 Damage"
Dazzle,"Poison Touch, Shadow Wave, Poison Touch, Shadow Wave, Poison Touch, Bad Juju, Poison Touch, Shallow Grave, Shadow Wave, +300 Poison Touch Attack Range","Poison Touch, Shadow Wave, Poison Touch, Shadow Wave, Poison Touch, Bad Juju, Poison Touch, Shadow Wave, Shadow Wave, +300 Poison Touch Attack Range","Poison Touch, Shadow Wave, Poison Touch, Shadow Wave, Poison Touch, Bad Juju, Poison Touch, Shadow Wave, Shadow Wave, +300 Poison Touch Attack Range","Poison Touch, Shadow Wave, Poison Touch, Shallow Grave, Poison Touch, Bad Juju, Poison Touch, Shadow Wave, Shadow Wave, Shadow Wave","Poison Touch, Shadow Wave, Poison Touch, Shallow Grave, Poison Touch, Bad Juju, Poison Touch, Shadow Wave, Shadow Wave, Shadow Wave"
Clockwerk,"Power Cogs, Battery Assault, Battery Assault, Rocket Flare, Battery Assault, Hookshot, Battery Assault, Rocket Flare, Rocket Flare, Rocket Flare","Power Cogs, Battery Assault, Power Cogs, Battery Assault, Power Cogs, Hookshot, Power Cogs, Rocket Flare, Battery Assault, Battery Assault","Battery Assault, Power Cogs, Battery Assault, Power Cogs, Battery Assault, Hookshot, Battery Assault, Power Cogs, Power Cogs, Rocket Flare","Power Cogs, Battery Assault, Battery Assault, Rocket Flare, Battery Assault, Hookshot, Battery Assault, Rocket Flare, Rocket Flare, Rocket Flare","Power Cogs, Battery Assault, Battery Assault, Rocket Flare, Battery Assault, Hookshot, Battery Assault, Power Cogs, Power Cogs, Power Cogs"
Leshrac,"Split Earth, Lightning Storm, Lightning Storm, Diabolic Edict, Lightning Storm, Pulse Nova, Diabolic Edict, Diabolic Edict, Diabolic Edict, +4 Armor","Lightning Storm, Diabolic Edict, Lightning Storm, Diabolic Edict, Diabolic Edict, Pulse Nova, Diabolic Edict, Split Earth, Split Earth, Split Earth","Lightning Storm, Diabolic Edict, Diabolic Edict, Lightning Storm, Diabolic Edict, Pulse Nova, Diabolic Edict, Split Earth, Split Earth, Split Earth","Diabolic Edict, Split Earth, Diabolic Edict, Split Earth, Diabolic Edict, Pulse Nova, Diabolic Edict, Split Earth, Split Earth, +4 Armor","Diabolic Edict, Lightning Storm, Diabolic Edict, Split Earth, Diabolic Edict, Pulse Nova, Diabolic Edict, Lightning Storm, Lightning Storm, +1.5 Mana Regen"
Nature'S Prophet,"Nature's Call, Sprout, Nature's Call, Teleportation, Nature's Call, Wrath of Nature, Nature's Call, Teleportation, Teleportation, Teleportation","Nature's Call, Sprout, Nature's Call, Teleportation, Nature's Call, Wrath of Nature, Nature's Call, Teleportation, Teleportation, -10s Nature's Call Cooldown","Nature's Call, Sprout, Nature's Call, Teleportation, Nature's Call, Wrath of Nature, Nature's Call, Teleportation, Teleportation, -10s Nature's Call Cooldown","Nature's Call, Teleportation, Nature's Call, Sprout, Nature's Call, Wrath of Nature, Nature's Call, Teleportation, Teleportation, Teleportation","Nature's Call, Sprout, Nature's Call, Teleportation, Nature's Call, Wrath of Nature, Nature's Call, Teleportation, Teleportation, -10s Nature's Call Cooldown"
Lifestealer,"Ghoul Frenzy, Open Wounds, Ghoul Frenzy, Rage, Ghoul Frenzy, Infest, Ghoul Frenzy, Rage, Rage, Rage","Rage, Ghoul Frenzy, Open Wounds, Ghoul Frenzy, Ghoul Frenzy, Infest, Ghoul Frenzy, Rage, Rage, Rage","Ghoul Frenzy, Open Wounds, Ghoul Frenzy, Rage, Ghoul Frenzy, Infest, Ghoul Frenzy, Open Wounds, Open Wounds, Open Wounds","Ghoul Frenzy, Open Wounds, Ghoul Frenzy, Open Wounds, Ghoul Frenzy, Infest, Ghoul Frenzy, Unknown, Unknown, +150 Infest Damage","Ghoul Frenzy, Open Wounds, Ghoul Frenzy, Open Wounds, Ghoul Frenzy, Infest, Ghoul Frenzy, Unknown, Rage, +150 Infest Damage"
Dark Seer,"Ion Shell, Vacuum, Ion Shell, Surge, Ion Shell, Wall of Replica, Ion Shell, Surge, Surge, Surge","Ion Shell, Vacuum, Ion Shell, Surge, Ion Shell, Wall of Replica, Ion Shell, Surge, Surge, Surge","Ion Shell, Surge, Ion Shell, Vacuum, Ion Shell, Wall of Replica, Ion Shell, Surge, Surge, Surge","Ion Shell, Surge, Ion Shell, Vacuum, Ion Shell, Wall of Replica, Ion Shell, Surge, Surge, Surge","Ion Shell, Surge, Ion Shell, Surge, Ion Shell, Wall of Replica, Ion Shell, Vacuum, Vacuum, Vacuum"
Clinkz,"Tar Bomb, Death Pact, Tar Bomb, Death Pact, Death Pact, Skeleton Walk, Tar Bomb, Tar Bomb, Strafe, +15 Tar Bomb Bonus Attack Damage","Tar Bomb, Death Pact, Tar Bomb, Death Pact, Death Pact, Skeleton Walk, Tar Bomb, Tar Bomb, Strafe, Strafe","Tar Bomb, Death Pact, Tar Bomb, Death Pact, Death Pact, Skeleton Walk, Tar Bomb, Strafe, Strafe, Strafe","Tar Bomb, Death Pact, Tar Bomb, Death Pact, Death Pact, Skeleton Walk, Tar Bomb, Tar Bomb, Strafe, +15 Tar Bomb Bonus Attack Damage","Tar Bomb, Death Pact, Tar Bomb, Death Pact, Death Pact, Skeleton Walk, Tar Bomb, Tar Bomb, Strafe, Strafe"
Omniknight,"Purification, Repel, Purification, Repel, Purification, Repel","Purification, Hammer of Purity, Purification, Hammer of Purity, Purification, Purification, Repel, Hammer of Purity, Hammer of Purity, +35 Base Damage","Purification, Repel, Purification, Repel, Purification, Repel","Hammer of Purity, Purification, Purification, Repel, Purification, Guardian Angel, Purification, Repel, Repel, Repel","Hammer of Purity, Purification, Purification, Repel, Purification, Guardian Angel, Purification, Repel, Repel, Repel"
Enchantress,"Impetus, Enchant, Enchant, Impetus, Enchant, Impetus, Impetus, Enchant, Untouchable, Nature's Attendants","Impetus, Nature's Attendants, Impetus, Nature's Attendants, Impetus, Untouchable, Impetus, Nature's Attendants, Nature's Attendants, Enchant","Impetus, Enchant, Enchant, Impetus, Enchant, Impetus, Impetus, Enchant, Untouchable, +10 Enchanted Creep Armor","Nature's Attendants, Enchant, Enchant, Nature's Attendants, Enchant, Untouchable, Impetus, Impetus, Impetus, Impetus","Nature's Attendants, Enchant, Enchant, Nature's Attendants, Enchant, Untouchable, Impetus, Impetus, Impetus, Impetus"
Huskar,"Burning Spear, Berserker's Blood, Burning Spear, Berserker's Blood, Burning Spear, Life Break, Burning Spear, Berserker's Blood, Berserker's Blood, Inner Fire","Burning Spear, Berserker's Blood, Berserker's Blood, Burning Spear, Berserker's Blood, Life Break, Berserker's Blood, Inner Fire, Burning Spear, Burning Spear","Burning Spear, Berserker's Blood, Berserker's Blood, Burning Spear, Berserker's Blood, Life Break, Berserker's Blood, Inner Fire, Burning Spear, Burning Spear","Burning Spear, Berserker's Blood, Burning Spear, Berserker's Blood, Burning Spear, Life Break, Berserker's Blood, Berserker's Blood, Burning Spear, Inner Fire","Burning Spear, Berserker's Blood, Berserker's Blood, Burning Spear, Berserker's Blood, Burning Spear, Berserker's Blood, Burning Spear, Life Break, Inner Fire"
Night Stalker,"Void, Crippling Fear, Void, Crippling Fear, Void, Crippling Fear, Void, Crippling Fear, Hunter in the Night, +6s Dark Ascension Duration","Hunter in the Night, Void, Hunter in the Night, Crippling Fear, Hunter in the Night, Dark Ascension, Hunter in the Night, Crippling Fear, Crippling Fear, +6s Dark Ascension Duration","Void, Hunter in the Night, Void, Crippling Fear, Void, Dark Ascension, Void, Hunter in the Night, Hunter in the Night, +6s Dark Ascension Duration","Void, Crippling Fear, Void, Crippling Fear, Void, Crippling Fear, Void, Crippling Fear, Hunter in the Night, +6s Dark Ascension Duration","Void, Crippling Fear, Void, Crippling Fear, Void, Crippling Fear, Void, Crippling Fear, Hunter in the Night, +80 Void Damage"
Broodmother,"Spin Web, Incapacitating Bite, Insatiable Hunger, Spin Web, Spin Web, Spawn Spiderlings, Spin Web, Incapacitating Bite, Incapacitating Bite, Incapacitating Bite","Spin Web, Insatiable Hunger, Insatiable Hunger, Incapacitating Bite, Spin Web, Spawn Spiderlings, Spin Web, Spin Web, Insatiable Hunger, Insatiable Hunger","Spin Web, Incapacitating Bite, Insatiable Hunger, Spin Web, Spin Web, Spawn Spiderlings, Spin Web, Insatiable Hunger, Insatiable Hunger, Insatiable Hunger","Spin Web, Incapacitating Bite, Spin Web, Incapacitating Bite, Spin Web, Spawn Spiderlings, Spin Web, Incapacitating Bite, Incapacitating Bite, +80 Spawn Spiderlings Damage","Spin Web, Insatiable Hunger, Insatiable Hunger, Incapacitating Bite, Spin Web, Spawn Spiderlings, Spin Web, Spin Web, Insatiable Hunger, Incapacitating Bite"
Bounty Hunter,"Jinada, Shuriken Toss, Shuriken Toss, Shadow Walk, Track, Shuriken Toss, Shuriken Toss","Shuriken Toss, Jinada, Shuriken Toss, Jinada, Shuriken Toss, Track, Shuriken Toss, Shadow Walk, Jinada, Jinada","Shuriken Toss, Jinada, Shuriken Toss, Shadow Walk, Shuriken Toss, Track, Shuriken Toss, Jinada, Jinada, Jinada","Shadow Walk, Jinada, Shuriken Toss, Shuriken Toss, Shuriken Toss, Track, Shuriken Toss, Jinada, Jinada, Jinada","Shadow Walk, Shuriken Toss, Shuriken Toss, Jinada, Shuriken Toss, Track, Shuriken Toss, Shadow Walk, Shadow Walk, Shadow Walk"
Weaver,"Shukuchi, Geminate Attack, The Swarm, Shukuchi, Shukuchi, Time Lapse, Shukuchi, Geminate Attack, Geminate Attack, Geminate Attack","Shukuchi, Geminate Attack, Shukuchi, The Swarm, Shukuchi, Time Lapse, Shukuchi, Geminate Attack, Geminate Attack, Geminate Attack","Shukuchi, Geminate Attack, The Swarm, Shukuchi, Shukuchi, Time Lapse, Shukuchi, Geminate Attack, Geminate Attack, Geminate Attack","Shukuchi, Geminate Attack, The Swarm, Shukuchi, Shukuchi, Time Lapse, Shukuchi, The Swarm, The Swarm, The Swarm","Shukuchi, Geminate Attack, The Swarm, Shukuchi, Shukuchi, Time Lapse, Shukuchi, The Swarm, The Swarm, The Swarm"
Jakiro,"Dual Breath, Liquid Frost, Dual Breath, Liquid Frost, Dual Breath, Macropyre, Dual Breath, Ice Path, Liquid Frost, +150 Attack Range","Dual Breath, Liquid Fire, Dual Breath, Liquid Fire, Dual Breath, Liquid Fire, Liquid Fire, Macropyre, Ice Path, +150 Attack Range","Liquid Fire, Dual Breath, Liquid Fire, Dual Breath, Liquid Fire, Macropyre, Liquid Fire","Dual Breath, Liquid Frost, Dual Breath, Ice Path, Dual Breath, Macropyre, Dual Breath, Ice Path, Ice Path, Ice Path","Dual Breath, Liquid Frost, Dual Breath, Ice Path, Dual Breath, Macropyre, Dual Breath, Ice Path, Ice Path, Ice Path"
Batrider,"Sticky Napalm, Flamebreak, Sticky Napalm, Firefly, Sticky Napalm, Flaming Lasso, Sticky Napalm, Firefly, Firefly, Firefly","Sticky Napalm, Flamebreak, Sticky Napalm, Firefly, Sticky Napalm, Flaming Lasso, Firefly, Firefly, Firefly, Sticky Napalm","Flamebreak, Sticky Napalm, Sticky Napalm, Firefly, Sticky Napalm, Flaming Lasso, Sticky Napalm, Firefly, Firefly, Firefly","Flamebreak, Sticky Napalm, Sticky Napalm, Firefly, Firefly, Flaming Lasso, Firefly, Firefly, Sticky Napalm, Sticky Napalm","Flamebreak, Sticky Napalm, Sticky Napalm, Firefly, Firefly, Flaming Lasso, Firefly, Firefly, Sticky Napalm, Sticky Napalm"
Chen,"Divine Favor, Holy Persuasion, Divine Favor, Holy Persuasion, Divine Favor, Hand of God, Penitence, Penitence, Penitence, Penitence","Penitence, Holy Persuasion, Holy Persuasion, Penitence, Holy Persuasion, Hand of God, Holy Persuasion, Penitence, Penitence, Penitence Deals 175 Damage","Penitence, Divine Favor, Penitence, Holy Persuasion, Holy Persuasion, Holy Persuasion, Holy Persuasion, Hand of God, Penitence, Penitence Deals 175 Damage","Penitence, Divine Favor, Holy Persuasion, Holy Persuasion, Holy Persuasion, Hand of God, Holy Persuasion, Penitence, Penitence, Penitence","Penitence, Divine Favor, Holy Persuasion, Holy Persuasion, Holy Persuasion, Hand of God, Holy Persuasion, Divine Favor, Divine Favor, Divine Favor"
Spectre,"Spectral Dagger, Dispersion, Spectral Dagger, Desolate, Spectral Dagger, Shadow Step, Spectral Dagger, Dispersion, Dispersion, Dispersion","Spectral Dagger, Dispersion, Spectral Dagger, Desolate, Spectral Dagger, Shadow Step, Spectral Dagger, Desolate, Desolate, Desolate","Spectral Dagger, Dispersion, Spectral Dagger, Desolate, Spectral Dagger, Shadow Step, Spectral Dagger, Desolate, Desolate, Desolate","Spectral Dagger, Desolate, Spectral Dagger, Desolate, Spectral Dagger, Shadow Step, Spectral Dagger, Desolate, Desolate, -4s Spectral Dagger Cooldown","Spectral Dagger, Dispersion, Spectral Dagger, Desolate, Spectral Dagger, Shadow Step, Spectral Dagger, Desolate, Desolate, Desolate"
Ancient Apparition,"Chilling Touch, Cold Feet, Ice Vortex, Cold Feet, Cold Feet, Ice Blast, Cold Feet, Ice Vortex, Ice Vortex","Chilling Touch, Ice Vortex, Ice Vortex, Cold Feet, Ice Vortex, Ice Blast, Ice Vortex, Cold Feet, Cold Feet, Cold Feet","Chilling Touch, Cold Feet, Cold Feet, Chilling Touch, Cold Feet, Ice Blast, Cold Feet, Chilling Touch, Ice Vortex","Chilling Touch, Cold Feet, Ice Vortex, Ice Vortex, Ice Vortex, Ice Blast, Ice Vortex, Cold Feet, Cold Feet, Cold Feet","Chilling Touch, Cold Feet, Ice Vortex, Ice Vortex, Ice Vortex, Ice Blast, Ice Vortex, Cold Feet, Cold Feet, Cold Feet"
Doom,"Devour, Scorched Earth, Devour, Scorched Earth, Devour, Scorched Earth, Devour, Scorched Earth, Infernal Blade, +10 Scorched Earth Damage","Devour, Scorched Earth, Scorched Earth, Infernal Blade, Scorched Earth, Doom, Scorched Earth, Devour, Devour, +10 Scorched Earth Damage","Infernal Blade, Scorched Earth, Scorched Earth, Devour, Scorched Earth, Doom, Scorched Earth, Devour, Devour, Devour","Infernal Blade, Devour, Scorched Earth, Scorched Earth, Scorched Earth, Doom, Scorched Earth, Devour, Devour, Devour","Infernal Blade, Devour, Scorched Earth, Scorched Earth, Scorched Earth, Doom, Scorched Earth, Devour, Devour, Devour"
Ursa,"Fury Swipes, Earthshock, Fury Swipes, Overpower, Fury Swipes, Enrage, Fury Swipes, Overpower, Overpower, Overpower","Fury Swipes, Earthshock, Fury Swipes, Overpower, Fury Swipes, Enrage, Fury Swipes, Overpower, Overpower, Overpower","Fury Swipes, Earthshock, Fury Swipes, Overpower, Fury Swipes, Enrage, Fury Swipes, Overpower, Overpower, Overpower","Earthshock, Fury Swipes, Fury Swipes, Overpower, Fury Swipes, Enrage, Fury Swipes, Overpower, Overpower, Overpower","Fury Swipes, Earthshock, Fury Swipes, Overpower, Fury Swipes, Enrage, Fury Swipes, Overpower, Overpower, Overpower"
Spirit Breaker,"Greater Bash, Charge of Darkness, Greater Bash, Bulldoze, Greater Bash, Nether Strike, Charge of Darkness, Charge of Darkness, Charge of Darkness, Greater Bash","Greater Bash, Charge of Darkness, Greater Bash, Charge of Darkness, Greater Bash, Nether Strike, Greater Bash, Charge of Darkness, Charge of Darkness, Bulldoze","Greater Bash, Charge of Darkness, Greater Bash, Charge of Darkness, Greater Bash, Nether Strike, Greater Bash, Charge of Darkness, Charge of Darkness, Bulldoze","Greater Bash, Charge of Darkness, Greater Bash, Charge of Darkness, Greater Bash, Nether Strike, Greater Bash, Charge of Darkness, Charge of Darkness, Bulldoze","Greater Bash, Charge of Darkness, Greater Bash, Charge of Darkness, Greater Bash, Nether Strike, Greater Bash, Charge of Darkness, Charge of Darkness, Bulldoze"
Gyrocopter,"Rocket Barrage, Flak Cannon, Rocket Barrage, Flak Cannon, Rocket Barrage, Call Down, Rocket Barrage, Flak Cannon, Flak Cannon, +175 Health","Flak Cannon, Rocket Barrage, Rocket Barrage, Flak Cannon, Rocket Barrage, Call Down, Rocket Barrage, Homing Missile, Flak Cannon, Homing Missile","Rocket Barrage, Flak Cannon, Rocket Barrage, Homing Missile, Rocket Barrage, Call Down, Rocket Barrage, Flak Cannon, Homing Missile, +175 Health","Flak Cannon, Rocket Barrage, Rocket Barrage, Homing Missile, Rocket Barrage, Call Down, Rocket Barrage, Homing Missile, Homing Missile, Homing Missile","Rocket Barrage, Homing Missile, Rocket Barrage, Homing Missile, Rocket Barrage, Call Down, Rocket Barrage, Homing Missile, Homing Missile, +25% Homing Missile Damage"
Alchemist,"Unstable Concoction, Acid Spray, Acid Spray, Unstable Concoction, Acid Spray, Chemical Rage, Acid Spray, Unstable Concoction, Unstable Concoction, +125 Unstable Concoction Radius","Acid Spray, Unstable Concoction, Acid Spray, Unstable Concoction, Acid Spray, Chemical Rage, Acid Spray, Unstable Concoction, Unstable Concoction, +125 Unstable Concoction Radius","Unstable Concoction, Acid Spray, Acid Spray, Unstable Concoction, Acid Spray, Chemical Rage, Acid Spray, Unstable Concoction, Unstable Concoction, +125 Unstable Concoction Radius","Unstable Concoction, Acid Spray, Acid Spray, Unstable Concoction, Acid Spray, Chemical Rage, Acid Spray, Unstable Concoction, Unstable Concoction, +125 Unstable Concoction Radius","Unstable Concoction, Acid Spray, Acid Spray, Unstable Concoction, Acid Spray, Chemical Rage, Acid Spray, Unstable Concoction, Unstable Concoction, +125 Unstable Concoction Radius"
Invoker,"Exort, Quas, Exort, Quas, Exort, Wex, Exort, Quas, Exort, Quas","Quas, Wex, Quas, Wex, Quas, Wex, Wex, Quas, Wex, Exort","Quas, Wex, Quas, Wex, Wex, Quas, Wex, Exort, Wex, Quas","Quas, Wex, Wex, Quas, Wex, Quas, Wex, Quas, Wex, Exort","Quas, Wex, Quas, Wex, Wex, Quas, Wex, Quas, Wex, Exort"
Silencer,"Glaives of Wisdom, Last Word, Glaives of Wisdom, Arcane Curse, Glaives of Wisdom, Global Silence, Glaives of Wisdom, Unknown, Unknown, +20 Attack Speed","Arcane Curse, Glaives of Wisdom, Arcane Curse, Last Word, Arcane Curse, Global Silence, Arcane Curse, Glaives of Wisdom, Glaives of Wisdom, +15 Arcane Curse Damage","Glaives of Wisdom, Arcane Curse, Glaives of Wisdom, Last Word, Glaives of Wisdom, Global Silence, Glaives of Wisdom, Arcane Curse, Arcane Curse, Arcane Curse","Arcane Curse, Glaives of Wisdom, Arcane Curse, Last Word, Arcane Curse, Global Silence, Arcane Curse, Last Word, Last Word, +15 Arcane Curse Damage","Arcane Curse, Glaives of Wisdom, Arcane Curse, Last Word, Arcane Curse, Global Silence, Arcane Curse, Last Word, Last Word, +15 Arcane Curse Damage"
Outworld Destroyer,"Arcane Orb, Essence Flux, Astral Imprisonment, Arcane Orb, Arcane Orb, Sanity's Eclipse, Arcane Orb, Essence Flux, Essence Flux, +250 Mana","Astral Imprisonment, Arcane Orb, Essence Flux, Astral Imprisonment, Astral Imprisonment, Sanity's Eclipse, Astral Imprisonment, Arcane Orb, Arcane Orb, Arcane Orb","Astral Imprisonment, Arcane Orb, Essence Flux, Astral Imprisonment, Astral Imprisonment, Sanity's Eclipse, Astral Imprisonment, Arcane Orb, Arcane Orb, Arcane Orb","Astral Imprisonment, Arcane Orb, Essence Flux, Astral Imprisonment, Astral Imprisonment, Sanity's Eclipse, Astral Imprisonment, Arcane Orb, Arcane Orb, Arcane Orb","Astral Imprisonment, Essence Flux, Astral Imprisonment, Arcane Orb, Astral Imprisonment, Sanity's Eclipse, Astral Imprisonment, Arcane Orb, Arcane Orb, +250 Mana"
Lycan,"Summon Wolves, Feral Impulse, Summon Wolves, Howl, Summon Wolves, Shapeshift, Summon Wolves, Feral Impulse, Feral Impulse, Feral Impulse","Summon Wolves, Feral Impulse, Summon Wolves, Feral Impulse, Summon Wolves, Howl, Summon Wolves, Shapeshift, Summon Wolves, +6 Wolves Damage","Summon Wolves, Feral Impulse, Summon Wolves, Howl, Summon Wolves, Shapeshift, Summon Wolves, Feral Impulse, Feral Impulse, Feral Impulse","Summon Wolves, Feral Impulse, Summon Wolves, Feral Impulse, Summon Wolves, Shapeshift, Summon Wolves, Feral Impulse, Summon Wolves, +6 Wolves Damage","Summon Wolves, Howl, Summon Wolves, Feral Impulse, Summon Wolves, Shapeshift, Summon Wolves, Feral Impulse, Summon Wolves, +3 Howl Armor Reduction"
Brewmaster,"Thunder Clap, Cinder Brew, Thunder Clap, Cinder Brew, Thunder Clap, Cinder Brew","Cinder Brew, Drunken Brawler, Thunder Clap, Cinder Brew, Cinder Brew, Primal Split, Cinder Brew, Drunken Brawler, Drunken Brawler, Drunken Brawler","Thunder Clap, Cinder Brew, Drunken Brawler, Drunken Brawler, Drunken Brawler, Primal Split, Drunken Brawler, Cinder Brew, Cinder Brew, +10 Brewlings Damage","Cinder Brew, Thunder Clap, Cinder Brew, Thunder Clap, Cinder Brew, Primal Split, Cinder Brew, Drunken Brawler, Thunder Clap, Thunder Clap","Thunder Clap, Cinder Brew, Thunder Clap, Cinder Brew, Thunder Clap, Cinder Brew"
Shadow Demon,"Disruption, Shadow Poison, Shadow Poison, Disseminate, Shadow Poison, Demonic Purge, Shadow Poison, Disseminate, Disseminate, Disseminate","Shadow Poison, Disruption, Shadow Poison, Disruption, Shadow Poison, Demonic Purge, Shadow Poison, Disruption, Disruption, +15% Shadow Poison Damage","Disruption, Shadow Poison, Shadow Poison, Disseminate, Shadow Poison, Demonic Purge, Shadow Poison, Disseminate, Disseminate, Disseminate","Disruption, Shadow Poison, Shadow Poison, Disseminate, Shadow Poison, Demonic Purge, Shadow Poison, Disseminate, Disseminate, Disseminate","Disruption, Shadow Poison, Shadow Poison, Disseminate, Shadow Poison, Demonic Purge, Shadow Poison, Disseminate, Disseminate, Disseminate"
Lone Druid,"Summon Spirit Bear, Spirit Link, Summon Spirit Bear, Spirit Link, Summon Spirit Bear","Summon Spirit Bear, Spirit Link, Summon Spirit Bear, Spirit Link, Summon Spirit Bear, Spirit Link, Summon Spirit Bear, Spirit Link, True Form, Savage Roar","Summon Spirit Bear, Spirit Link, Summon Spirit Bear, Spirit Link, Summon Spirit Bear, Spirit Link, Summon Spirit Bear, Spirit Link, True Form, Savage Roar","Summon Spirit Bear, Spirit Link, Summon Spirit Bear, Spirit Link, Summon Spirit Bear","Summon Spirit Bear, Spirit Link, Summon Spirit Bear, Spirit Link, Summon Spirit Bear, Spirit Link, Summon Spirit Bear, Spirit Link, True Form, +200 Health"
Chaos Knight,"Chaos Bolt, Reality Rift, Chaos Strike, Chaos Strike, Chaos Strike, Phantasm, Chaos Strike, Reality Rift, Reality Rift, Reality Rift","Chaos Bolt, Chaos Strike, Reality Rift, Chaos Strike, Chaos Strike, Phantasm, Chaos Strike, Reality Rift, Reality Rift, Reality Rift","Chaos Bolt, Chaos Strike, Reality Rift, Chaos Strike, Chaos Strike, Phantasm, Chaos Strike, Reality Rift, Reality Rift, Reality Rift","Chaos Bolt, Reality Rift, Chaos Bolt, Reality Rift, Chaos Bolt, Reality Rift, Chaos Bolt, Reality Rift, Chaos Strike, +225 Reality Rift Pull Distance","Chaos Bolt, Reality Rift, Chaos Bolt, Reality Rift, Chaos Bolt, Reality Rift, Chaos Bolt, Reality Rift, Chaos Strike, +30% Chaos Strike Lifesteal"
Meepo,"Ransack, Earthbind, Divided We Stand, Poof, Poof, Poof, Poof, Ransack, Divided We Stand, +50 Poof Damage","Poof, Earthbind, Divided We Stand, Poof, Poof, Ransack, Poof, Ransack, Divided We Stand, +50 Poof Damage","Poof, Earthbind, Divided We Stand, Poof, Poof, Ransack, Poof, Ransack, Divided We Stand, +50 Poof Damage","Poof, Earthbind, Poof, Divided We Stand, Poof, Ransack, Poof, Ransack, Ransack, +50 Poof Damage","Ransack, Earthbind, Divided We Stand, Poof, Poof, Poof, Poof, Ransack, Ransack, Divided We Stand"
Treant Protector,"Leech Seed, Nature's Grasp, Leech Seed, Nature's Grasp, Leech Seed, Overgrowth, Leech Seed, Nature's Grasp, Nature's Grasp, Living Armor","Leech Seed, Leech Seed, Nature's Grasp, Nature's Grasp, Leech Seed, Overgrowth, Leech Seed, Nature's Grasp, Nature's Grasp, -4s Nature's Grasp Cooldown","Leech Seed, Nature's Grasp, Leech Seed, Nature's Grasp, Leech Seed, Overgrowth, Leech Seed, Living Armor, Nature's Grasp, Nature's Grasp","Leech Seed, Nature's Grasp, Leech Seed, Nature's Grasp, Leech Seed, Overgrowth, Leech Seed, Nature's Grasp, Nature's Grasp, Living Armor","Leech Seed, Nature's Grasp, Leech Seed, Nature's Grasp, Leech Seed, Overgrowth, Leech Seed, Nature's Grasp, Nature's Grasp, -4s Nature's Grasp Cooldown"
Ogre Magi,"Ignite, Ignite, Fireblast, Bloodlust, Ignite, Multicast, Ignite, Bloodlust, Bloodlust, +15 Ignite DPS","Ignite, Ignite, Fireblast, Fireblast, Ignite, Multicast, Ignite, Fireblast, Fireblast, +15 Ignite DPS","Ignite, Ignite, Fireblast, Fireblast, Ignite, Multicast, Ignite, Fireblast, Fireblast, +15 Ignite DPS","Ignite, Ignite, Fireblast, Bloodlust, Ignite, Multicast, Ignite, Fireblast, Fireblast, +15 Ignite DPS","Ignite, Ignite, Fireblast, Bloodlust, Ignite, Multicast, Ignite, Bloodlust, Bloodlust, Bloodlust"
Undying,"Tombstone, Decay, Decay, Soul Rip, Decay, Flesh Golem, Soul Rip, Tombstone, Tombstone, Tombstone","Decay, Soul Rip, Decay, Tombstone, Decay, Flesh Golem, Decay, Tombstone, Tombstone, +50 Decay Damage","Decay, Tombstone, Decay, Tombstone, Decay, Flesh Golem, Decay, Tombstone, Tombstone, +50 Decay Damage","Decay, Tombstone, Decay, Tombstone, Decay, Flesh Golem, Decay, Tombstone, Tombstone, +50 Decay Damage","Decay, Tombstone, Decay, Tombstone, Decay, Flesh Golem, Decay, Tombstone, Tombstone, +50 Decay Damage"
Rubick,"Fade Bolt, Telekinesis, Fade Bolt, Arcane Supremacy, Fade Bolt, Spell Steal, Fade Bolt, Arcane Supremacy, Arcane Supremacy, Arcane Supremacy","Fade Bolt, Arcane Supremacy, Fade Bolt, Telekinesis, Fade Bolt, Spell Steal, Fade Bolt, Arcane Supremacy, Arcane Supremacy, Arcane Supremacy","Fade Bolt, Telekinesis, Fade Bolt, Arcane Supremacy, Fade Bolt, Spell Steal, Fade Bolt, Arcane Supremacy, Arcane Supremacy, Arcane Supremacy","Fade Bolt, Telekinesis, Fade Bolt, Arcane Supremacy, Fade Bolt, Spell Steal, Fade Bolt, Arcane Supremacy, Arcane Supremacy, Arcane Supremacy","Fade Bolt, Telekinesis, Fade Bolt, Arcane Supremacy, Fade Bolt, Spell Steal, Fade Bolt, Arcane Supremacy, Arcane Supremacy, Arcane Supremacy"
Disruptor,"Thunder Strike, Glimpse, Glimpse, Kinetic Field, Glimpse, Static Storm, Glimpse, Kinetic Field, Kinetic Field, Kinetic Field","Thunder Strike, Kinetic Field, Thunder Strike, Glimpse, Thunder Strike, Static Storm, Thunder Strike, Glimpse, Glimpse, Glimpse","Thunder Strike, Glimpse, Thunder Strike, Glimpse, Thunder Strike, Static Storm, Glimpse, Glimpse, Thunder Strike, Kinetic Field","Thunder Strike, Glimpse, Glimpse, Kinetic Field, Glimpse, Static Storm, Glimpse, Thunder Strike, Thunder Strike, Thunder Strike","Thunder Strike, Glimpse, Glimpse, Kinetic Field, Glimpse, Static Storm, Glimpse, Kinetic Field, Kinetic Field, Kinetic Field"
Nyx Assassin,"Mind Flare, Impale, Impale, Mind Flare, Impale, Vendetta, Impale, Mind Flare, Mind Flare, +40 Vendetta Damage","Impale, Mind Flare, Impale, Spiked Carapace, Impale, Vendetta, Impale, Mind Flare, Mind Flare, +40 Vendetta Damage","Impale, Mind Flare, Impale, Spiked Carapace, Impale, Vendetta, Impale, Mind Flare, Mind Flare, Mind Flare","Impale, Mind Flare, Impale, Spiked Carapace, Impale, Vendetta, Impale, Mind Flare, Mind Flare, Mind Flare","Impale, Mind Flare, Impale, Spiked Carapace, Impale, Vendetta, Impale, Mind Flare, Mind Flare, Mind Flare"
Naga Siren,"Mirror Image, Rip Tide, Ensnare, Mirror Image, Mirror Image, Rip Tide, Mirror Image, Rip Tide, Rip Tide, +30% Rip Tide Damage","Mirror Image, Deluge, Deluge, Mirror Image, Ensnare, Deluge, Deluge, Mirror Image, Song of the Siren, Mirror Image","Mirror Image, Rip Tide, Ensnare, Mirror Image, Mirror Image, Rip Tide, Mirror Image, Rip Tide, Rip Tide, +30% Rip Tide Damage","Deluge, Ensnare, Deluge, Mirror Image, Deluge, Song of the Siren, Deluge, Ensnare, Ensnare, +30% Rip Tide Damage","Deluge, Ensnare, Deluge, Mirror Image, Deluge, Song of the Siren, Deluge, Ensnare, Ensnare, +30% Rip Tide Damage"
Keeper Of The Light,"Illuminate, Chakra Magic, Illuminate, Chakra Magic, Illuminate, Spirit Form, Illuminate, Chakra Magic, Chakra Magic, Blinding Light","Illuminate, Chakra Magic, Illuminate, Chakra Magic, Illuminate, Spirit Form, Illuminate, Chakra Magic, Chakra Magic, -2s Illuminate Cooldown","Illuminate, Chakra Magic, Illuminate, Chakra Magic, Illuminate, Spirit Form, Illuminate, Chakra Magic, Chakra Magic, -2s Illuminate Cooldown","Illuminate, Chakra Magic, Illuminate, Chakra Magic, Illuminate, Spirit Form, Illuminate, Chakra Magic, Chakra Magic, -2s Illuminate Cooldown","Illuminate, Chakra Magic, Illuminate, Chakra Magic, Illuminate, Spirit Form, Illuminate, Blinding Light, Chakra Magic, Chakra Magic"
Io,"Tether, Spirits, Spirits, Overcharge, Spirits, Relocate, Spirits, Overcharge, Overcharge, Overcharge","Spirits, Tether, Spirits, Overcharge, Spirits, Relocate, Spirits, Overcharge, Overcharge, Overcharge","Spirits, Tether, Spirits, Overcharge, Spirits, Relocate, Spirits, Overcharge, Overcharge, Overcharge","Tether, Overcharge, Overcharge, Unknown, Overcharge, Relocate, Overcharge, Unknown, Unknown, +12 Attack Damage to Tethered Units","Tether, Overcharge, Overcharge, Unknown, Overcharge, Relocate, Overcharge, Unknown, Unknown, +12 Attack Damage to Tethered Units"
Visage,"Soul Assumption, Grave Chill, Soul Assumption, Gravekeeper's Cloak, Soul Assumption, Summon Familiars, Soul Assumption, Grave Chill, Grave Chill, Grave Chill","Soul Assumption, Grave Chill, Soul Assumption, Gravekeeper's Cloak, Soul Assumption, Summon Familiars, Soul Assumption, Grave Chill, Grave Chill, Grave Chill","Soul Assumption, Grave Chill, Soul Assumption, Gravekeeper's Cloak, Soul Assumption, Summon Familiars, Soul Assumption, Grave Chill, Grave Chill, Grave Chill","Soul Assumption, Grave Chill, Soul Assumption, Gravekeeper's Cloak, Soul Assumption, Summon Familiars, Soul Assumption, Grave Chill, Grave Chill, Grave Chill","Soul Assumption, Grave Chill, Soul Assumption, Gravekeeper's Cloak, Soul Assumption, Summon Familiars, Soul Assumption, Grave Chill, Grave Chill, Grave Chill"
Slark,"Essence Shift, Pounce, Dark Pact, Dark Pact, Dark Pact, Shadow Dance, Dark Pact, Pounce, Pounce, Pounce","Essence Shift, Pounce, Dark Pact, Dark Pact, Dark Pact, Shadow Dance, Dark Pact, Pounce, Pounce, Pounce","Essence Shift, Pounce, Dark Pact, Dark Pact, Dark Pact, Shadow Dance, Dark Pact, Pounce, Pounce, Pounce","Essence Shift, Pounce, Dark Pact, Dark Pact, Dark Pact, Shadow Dance, Dark Pact, Pounce, Pounce, Pounce","Essence Shift, Pounce, Dark Pact, Dark Pact, Dark Pact, Shadow Dance, Dark Pact, Pounce, Pounce, Pounce"
Medusa,"Mystic Snake, Gorgon's Grasp, Mystic Snake, Split Shot, Mystic Snake, Split Shot, Mystic Snake, Split Shot, Split Shot, Stone Gaze","Mystic Snake, Gorgon's Grasp, Mystic Snake, Split Shot, Mystic Snake, Split Shot, Mystic Snake, Split Shot, Split Shot, Stone Gaze","Mystic Snake, Gorgon's Grasp, Mystic Snake, Split Shot, Mystic Snake, Split Shot, Mystic Snake, Split Shot, Split Shot, Stone Gaze","Mystic Snake, Gorgon's Grasp, Mystic Snake, Gorgon's Grasp, Mystic Snake, Stone Gaze, Mystic Snake, Gorgon's Grasp, Gorgon's Grasp, +40 Mystic Snake Damage","Mystic Snake, Gorgon's Grasp, Mystic Snake, Split Shot, Mystic Snake, Split Shot, Mystic Snake, Split Shot, Split Shot, Stone Gaze"
Troll Warlord,"Whirling Axes (Ranged), Fervor, Berserker's Rage, Whirling Axes (Ranged), Whirling Axes (Ranged), Battle Trance, Whirling Axes (Ranged), Fervor, Fervor, Fervor","Whirling Axes (Ranged), Berserker's Rage, Fervor, Whirling Axes (Ranged), Berserker's Rage, Berserker's Rage, Berserker's Rage, Battle Trance, Fervor, Fervor","Whirling Axes (Ranged), Fervor, Berserker's Rage, Fervor, Fervor, Battle Trance, Fervor, Berserker's Rage, Berserker's Rage, Berserker's Rage","Whirling Axes (Ranged), Berserker's Rage, Fervor, Berserker's Rage, Fervor, Battle Trance, Berserker's Rage, Fervor, Fervor, Berserker's Rage","Whirling Axes (Ranged), Berserker's Rage, Whirling Axes (Ranged), Fervor, Whirling Axes (Melee), Battle Trance, Whirling Axes (Melee), Berserker's Rage, Berserker's Rage, +2.5s Whirling Axes Debuff Duration"
Centaur Warrunner,"Hoof Stomp, Retaliate, Retaliate, Double Edge, Retaliate, Stampede, Retaliate, Hoof Stomp, Hoof Stomp, +4 Health Regen","Hoof Stomp, Double Edge, Hoof Stomp, Retaliate, Hoof Stomp, Stampede, Hoof Stomp, Double Edge, Double Edge, +4 Health Regen","Hoof Stomp, Double Edge, Retaliate, Retaliate, Retaliate, Stampede, Retaliate, Hoof Stomp, Hoof Stomp, Hoof Stomp","Hoof Stomp, Double Edge, Hoof Stomp, Double Edge, Hoof Stomp, Double Edge, Hoof Stomp, Double Edge, Retaliate, +20 Movement Speed","Hoof Stomp, Double Edge, Hoof Stomp, Double Edge, Hoof Stomp, Double Edge, Hoof Stomp, Double Edge, Retaliate, +4 Health Regen"
Magnus,"Shockwave, Skewer, Empower, Empower, Empower, Reverse Polarity, Empower, Skewer, Skewer, +10s Empower Duration","Shockwave, Skewer, Shockwave, Skewer, Shockwave, Reverse Polarity, Shockwave, Skewer, Skewer, Empower","Shockwave, Skewer, Shockwave, Skewer, Shockwave, Reverse Polarity, Shockwave, Skewer, Skewer, Empower","Shockwave, Skewer, Shockwave, Skewer, Shockwave, Reverse Polarity, Shockwave, Skewer, Skewer, +0.75s Shockwave Slow Duration","Shockwave, Skewer, Shockwave, Skewer, Shockwave, Reverse Polarity, Shockwave, Skewer, Skewer, Empower"
Timbersaw,"Whirling Death, Timber Chain, Timber Chain, Whirling Death, Timber Chain, Chakram, Timber Chain, Whirling Death, Whirling Death, +1.5 Mana Regen","Whirling Death, Reactive Armor, Whirling Death, Timber Chain, Whirling Death, Chakram, Whirling Death, Timber Chain, Timber Chain, Timber Chain","Whirling Death, Timber Chain, Timber Chain, Whirling Death, Timber Chain, Chakram, Timber Chain, Whirling Death, Whirling Death, +1.5 Mana Regen","Timber Chain, Whirling Death, Timber Chain, Whirling Death, Timber Chain, Chakram, Timber Chain, Whirling Death, Whirling Death, +1.5 Mana Regen","Timber Chain, Whirling Death, Timber Chain, Whirling Death, Timber Chain, Chakram, Timber Chain, Whirling Death, Whirling Death, +1.5 Mana Regen"
Bristleback,"Quill Spray, Bristleback, Quill Spray, Viscous Nasal Goo, Quill Spray, Warpath, Quill Spray, Bristleback, Bristleback, Bristleback","Quill Spray, Bristleback, Quill Spray, Viscous Nasal Goo, Quill Spray, Warpath, Quill Spray, Bristleback, Bristleback, Bristleback","Quill Spray, Bristleback, Quill Spray, Viscous Nasal Goo, Quill Spray, Warpath, Quill Spray, Bristleback, Bristleback, Bristleback","Viscous Nasal Goo, Quill Spray, Viscous Nasal Goo, Bristleback, Viscous Nasal Goo, Warpath, Viscous Nasal Goo, Bristleback, Bristleback, Bristleback","Viscous Nasal Goo, Quill Spray, Viscous Nasal Goo, Bristleback, Viscous Nasal Goo, Warpath, Viscous Nasal Goo, Bristleback, Bristleback, Bristleback"
Tusk,"Ice Shards, Snowball, Ice Shards, Snowball, Ice Shards, Snowball, Ice Shards, Snowball, Drinking Buddies","Ice Shards, Snowball, Ice Shards, Snowball, Ice Shards, Walrus PUNCH!, Ice Shards, Snowball, Snowball, Tag Team","Tag Team, Ice Shards, Tag Team, Snowball, Tag Team, Walrus PUNCH!, Tag Team, Ice Shards, Ice Shards, Ice Shards","Tag Team, Ice Shards, Snowball, Tag Team, Tag Team, Walrus PUNCH!, Tag Team, Snowball, Snowball, Snowball","Tag Team, Ice Shards, Tag Team, Snowball, Tag Team, Walrus PUNCH!, Tag Team, Snowball, Snowball, Snowball"
Skywrath Mage,"Arcane Bolt, Concussive Shot, Concussive Shot, Arcane Bolt, Arcane Bolt, Mystic Flare, Arcane Bolt, Ancient Seal, Ancient Seal, Ancient Seal","Concussive Shot, Arcane Bolt, Arcane Bolt, Ancient Seal, Arcane Bolt, Mystic Flare, Arcane Bolt, Ancient Seal, Ancient Seal, Ancient Seal","Concussive Shot, Arcane Bolt, Concussive Shot, Arcane Bolt, Arcane Bolt, Mystic Flare, Arcane Bolt, Ancient Seal","Concussive Shot, Arcane Bolt, Concussive Shot, Ancient Seal, Concussive Shot, Mystic Flare, Concussive Shot, Ancient Seal, Ancient Seal, Ancient Seal","Concussive Shot, Arcane Bolt, Concussive Shot, Ancient Seal, Concussive Shot, Mystic Flare, Concussive Shot, Ancient Seal, Ancient Seal, Ancient Seal"
Abaddon,"Aphotic Shield, Curse of Avernus, Curse of Avernus, Aphotic Shield, Curse of Avernus, Borrowed Time, Curse of Avernus, Unknown, Unknown, -15% Curse of Avernus Movement Slow","Aphotic Shield, Curse of Avernus, Aphotic Shield, Curse of Avernus, Aphotic Shield, Aphotic Shield, Borrowed Time, Mist Coil, Mist Coil, Aphotic Shield provides +12HP Regen","Aphotic Shield, Curse of Avernus, Aphotic Shield, Curse of Avernus, Aphotic Shield, Borrowed Time, Aphotic Shield, Curse of Avernus, Curse of Avernus, -15% Curse of Avernus Movement Slow","Aphotic Shield, Mist Coil, Mist Coil, Aphotic Shield, Mist Coil, Borrowed Time, Mist Coil, Aphotic Shield, Aphotic Shield, Aphotic Shield provides +12HP Regen","Aphotic Shield, Mist Coil, Mist Coil, Aphotic Shield, Mist Coil, Borrowed Time, Mist Coil, Aphotic Shield, Aphotic Shield, Aphotic Shield provides +12HP Regen"
Elder Titan,"Echo Stomp, Astral Spirit, Echo Stomp, Astral Spirit, Echo Stomp, Astral Spirit","Astral Spirit, Natural Order, Astral Spirit, Natural Order, Astral Spirit, Natural Order, Astral Spirit, Earth Splitter, Natural Order, +25 Attack Speed","Astral Spirit, Natural Order, Astral Spirit, Natural Order, Astral Spirit, Natural Order, Astral Spirit, Natural Order, Echo Stomp, +25 Attack Speed","Echo Stomp, Astral Spirit, Echo Stomp, Astral Spirit, Echo Stomp, Astral Spirit, Echo Stomp, Astral Spirit, Natural Order, +2% Astral Spirit Move Speed Per Hero","Astral Spirit, Natural Order, Astral Spirit, Echo Stomp, Echo Stomp, Earth Splitter, Echo Stomp, Echo Stomp, Natural Order, Natural Order"
Legion Commander,"Overwhelming Odds, Moment of Courage, Overwhelming Odds, Press The Attack, Overwhelming Odds, Duel, Overwhelming Odds, Moment of Courage, Moment of Courage, Moment of Courage","Overwhelming Odds, Moment of Courage, Overwhelming Odds, Press The Attack, Overwhelming Odds, Duel, Overwhelming Odds, Moment of Courage, Moment of Courage, Moment of Courage","Overwhelming Odds, Moment of Courage, Overwhelming Odds, Press The Attack, Overwhelming Odds, Duel, Overwhelming Odds, Moment of Courage, Moment of Courage, Moment of Courage","Overwhelming Odds, Moment of Courage, Overwhelming Odds, Press The Attack, Overwhelming Odds, Duel, Overwhelming Odds, Moment of Courage, Moment of Courage, Moment of Courage","Overwhelming Odds, Press The Attack, Overwhelming Odds, Press The Attack, Overwhelming Odds, Press The Attack, Overwhelming Odds, Press The Attack, Moment of Courage, -2s Overwhelming Odds Cooldown"
Techies,"Sticky Bomb, Blast Off!, Sticky Bomb, Reactive Tazer, Sticky Bomb, Proximity Mines, Sticky Bomb, Unknown, Unknown, +20% Magic Resistance","Blast Off!, Reactive Tazer, Blast Off!, Sticky Bomb, Blast Off!, Proximity Mines, Blast Off!, Sticky Bomb, Sticky Bomb, Sticky Bomb","Sticky Bomb, Blast Off!, Sticky Bomb, Reactive Tazer, Sticky Bomb, Proximity Mines, Sticky Bomb, Blast Off!, Blast Off!, +20% Magic Resistance","Blast Off!, Sticky Bomb, Blast Off!, Reactive Tazer, Blast Off!, Proximity Mines, Blast Off!, Sticky Bomb, Sticky Bomb, -3s Proximity Mines Cooldown","Blast Off!, Sticky Bomb, Blast Off!, Sticky Bomb, Blast Off!, Proximity Mines, Blast Off!, Sticky Bomb, Sticky Bomb, -3s Proximity Mines Cooldown"
Ember Spirit,"Sleight of Fist, Searing Chains, Sleight of Fist, Searing Chains, Sleight of Fist, Fire Remnant, Sleight of Fist, Searing Chains, Searing Chains, +12 Damage","Sleight of Fist, Searing Chains, Sleight of Fist, Searing Chains, Sleight of Fist, Fire Remnant, Sleight of Fist, Searing Chains, Searing Chains, Flame Guard","Sleight of Fist, Searing Chains, Sleight of Fist, Searing Chains, Sleight of Fist, Fire Remnant, Sleight of Fist, Searing Chains, Searing Chains, Flame Guard","Searing Chains, Sleight of Fist, Searing Chains, Sleight of Fist, Searing Chains, Fire Remnant, Searing Chains, Sleight of Fist, Sleight of Fist, Flame Guard","Searing Chains, Sleight of Fist, Searing Chains, Sleight of Fist, Searing Chains, Fire Remnant, Searing Chains, Sleight of Fist, Sleight of Fist, Flame Guard"
Earth Spirit,"Boulder Smash, Rolling Boulder, Boulder Smash, Rolling Boulder, Boulder Smash, Magnetize, Boulder Smash, Rolling Boulder, Rolling Boulder, Unknown","Boulder Smash, Rolling Boulder, Boulder Smash, Rolling Boulder, Boulder Smash, Magnetize, Boulder Smash, Rolling Boulder, Rolling Boulder, +200 Rolling Boulder Distance","Boulder Smash, Rolling Boulder, Boulder Smash, Rolling Boulder, Boulder Smash, Magnetize, Boulder Smash, Rolling Boulder, Rolling Boulder, +200 Rolling Boulder Distance","Boulder Smash, Rolling Boulder, Boulder Smash, Geomagnetic Grip, Boulder Smash, Magnetize, Rolling Boulder, Rolling Boulder, Rolling Boulder, +200 Rolling Boulder Distance","Boulder Smash, Rolling Boulder, Boulder Smash, Geomagnetic Grip, Boulder Smash, Magnetize, Rolling Boulder, Rolling Boulder, Rolling Boulder, +200 Rolling Boulder Distance"
Underlord,"Firestorm, Pit of Malice, Firestorm, Pit of Malice, Firestorm, Pit of Malice, Firestorm, Pit of Malice, Atrophy Aura, +5% Invading Force Movement Bonus/Damage Reduction","Firestorm, Atrophy Aura, Firestorm, Pit of Malice, Firestorm, Fiend's Gate, Firestorm, Pit of Malice, Pit of Malice, Pit of Malice","Firestorm, Atrophy Aura, Firestorm, Pit of Malice, Firestorm, Fiend's Gate, Firestorm, Pit of Malice, Pit of Malice, Pit of Malice","Firestorm, Pit of Malice, Firestorm, Pit of Malice, Firestorm, Pit of Malice, Firestorm, Pit of Malice, Atrophy Aura, +60 Firestorm Radius","Firestorm, Pit of Malice, Firestorm, Pit of Malice, Firestorm, Pit of Malice, Firestorm, Pit of Malice, Atrophy Aura, +5% Invading Force Movement Bonus/Damage Reduction"
Terrorblade,"Reflection, Metamorphosis, Conjure Image, Conjure Image, Conjure Image, Sunder, Conjure Image, Metamorphosis, Metamorphosis, +10% Conjure Image Damage","Reflection, Metamorphosis, Reflection, Metamorphosis, Reflection, Sunder, Reflection, Conjure Image, Conjure Image, Conjure Image","Reflection, Metamorphosis, Reflection, Conjure Image, Reflection, Sunder, Reflection, Conjure Image, Conjure Image, -5s Reflection Cooldown","Reflection, Metamorphosis, Reflection, Conjure Image, Reflection, Sunder, Reflection, Conjure Image, Conjure Image, -5s Reflection Cooldown","Reflection, Metamorphosis, Reflection, Conjure Image, Reflection, Sunder, Reflection, Conjure Image, Conjure Image, -5s Reflection Cooldown"
Phoenix,"Fire Spirits, Icarus Dive, Fire Spirits, Icarus Dive, Unknown, Supernova, Fire Spirits, Icarus Dive, Icarus Dive, +25% Icarus Dive Slow","Fire Spirits, Icarus Dive, Fire Spirits, Icarus Dive, Fire Spirits, Supernova, Fire Spirits, Icarus Dive, Icarus Dive, +20 Icarus Dive Damage Per Second","Fire Spirits, Icarus Dive, Fire Spirits, Icarus Dive, Fire Spirits, Supernova, Fire Spirits, Icarus Dive, Icarus Dive, +20 Icarus Dive Damage Per Second","Fire Spirits, Icarus Dive, Fire Spirits, Icarus Dive, Fire Spirits, Supernova, Fire Spirits, Sun Ray, Sun Ray, Sun Ray","Fire Spirits, Icarus Dive, Fire Spirits, Icarus Dive, Fire Spirits, Supernova, Fire Spirits, Sun Ray, Sun Ray, Sun Ray"
Oracle,"Fortune's End, Purifying Flames, Purifying Flames, Fate's Edict, Purifying Flames, False Promise, Purifying Flames, Fate's Edict, Fate's Edict","Fortune's End, Purifying Flames, Purifying Flames, Fortune's End, Purifying Flames, Fortune's End, Purifying Flames, Fortune's End, Fate's Edict, False Promise","Fortune's End, Purifying Flames, Purifying Flames, Fortune's End, Purifying Flames, False Promise","Fortune's End, Purifying Flames, Purifying Flames, Fate's Edict, Purifying Flames, False Promise, Purifying Flames, Fate's Edict, Fate's Edict, Fate's Edict","Fortune's End, Purifying Flames, Purifying Flames, Fate's Edict, Purifying Flames, False Promise, Purifying Flames, Fate's Edict, Fate's Edict, Fate's Edict"
Winter Wyvern,"Arctic Burn, Cold Embrace, Arctic Burn, Splinter Blast, Arctic Burn, Winter's Curse, Arctic Burn, Unknown, Unknown, +30 Damage","Splinter Blast, Arctic Burn, Splinter Blast, Arctic Burn, Splinter Blast, Winter's Curse, Splinter Blast, Arctic Burn, Arctic Burn, +30 Damage","Arctic Burn, Cold Embrace, Arctic Burn, Splinter Blast, Arctic Burn, Winter's Curse, Arctic Burn, Splinter Blast, Splinter Blast, +30 Damage","Arctic Burn, Cold Embrace, Splinter Blast, Splinter Blast, Splinter Blast, Winter's Curse, Splinter Blast, Arctic Burn, Arctic Burn, Arctic Burn","Arctic Burn, Cold Embrace, Splinter Blast, Splinter Blast, Splinter Blast, Winter's Curse, Splinter Blast, Cold Embrace, Cold Embrace, +25HP/s Cold Embrace Heal"
Arc Warden,"Spark Wraith, Flux, Spark Wraith, Flux, Spark Wraith, Tempest Double, Spark Wraith, Flux, Flux, +200 Health","Spark Wraith, Flux, Spark Wraith, Flux, Spark Wraith, Tempest Double, Spark Wraith, Flux, Flux, +200 Health","Spark Wraith, Flux, Spark Wraith, Flux, Spark Wraith, Tempest Double, Flux, Flux, Spark Wraith, +200 Flux Cast Range","Spark Wraith, Flux, Spark Wraith, Flux, Spark Wraith, Tempest Double, Spark Wraith, Flux, Flux, +200 Flux Cast Range","Spark Wraith, Flux, Spark Wraith, Flux, Spark Wraith, Tempest Double, Spark Wraith, Flux, Flux, +200 Flux Cast Range"
Monkey King,"Boundless Strike, Jingu Mastery, Jingu Mastery, Tree Dance, Jingu Mastery, Wukong's Command, Jingu Mastery, Boundless Strike, Boundless Strike, Boundless Strike","Boundless Strike, Jingu Mastery, Jingu Mastery, Boundless Strike, Jingu Mastery, Tree Dance, Jingu Mastery, Wukong's Command, Boundless Strike, Boundless Strike","Boundless Strike, Jingu Mastery, Jingu Mastery, Tree Dance, Jingu Mastery, Boundless Strike, Jingu Mastery, Wukong's Command, Boundless Strike, Boundless Strike","Tree Dance, Boundless Strike, Tree Dance, Boundless Strike, Tree Dance, Wukong's Command, Tree Dance, Boundless Strike, Boundless Strike, +100 Primal Spring Max Damage","Tree Dance, Boundless Strike, Tree Dance, Boundless Strike, Tree Dance, Wukong's Command, Tree Dance, Boundless Strike, Boundless Strike, +100 Primal Spring Max Damage"
Dark Willow,"Bramble Maze, Shadow Realm, Bramble Maze, Shadow Realm, Shadow Realm, Terrorize, Shadow Realm, Bramble Maze, Bramble Maze, -2s Shadow Realm Cooldown","Bramble Maze, Shadow Realm, Shadow Realm, Bramble Maze, Shadow Realm, Terrorize, Shadow Realm, Bramble Maze, Bramble Maze, -2s Shadow Realm Cooldown","Bramble Maze, Shadow Realm, Bramble Maze, Shadow Realm, Bramble Maze, Bedlam, Bramble Maze, Shadow Realm, Shadow Realm, Cursed Crown","Bramble Maze, Shadow Realm, Shadow Realm, Bramble Maze, Shadow Realm, Terrorize, Shadow Realm, Bramble Maze, Bramble Maze, Cursed Crown","Bramble Maze, Shadow Realm, Bramble Maze, Cursed Crown, Bramble Maze, Terrorize, Bramble Maze, Shadow Realm, Shadow Realm, Shadow Realm"
Pangolier,"Shield Crash, Swashbuckle, Shield Crash, Swashbuckle, Swashbuckle, Rolling Thunder, Swashbuckle, Shield Crash, Shield Crash, Lucky Shot","Shield Crash, Swashbuckle, Shield Crash, Swashbuckle, Swashbuckle, Rolling Thunder, Swashbuckle, Shield Crash, Shield Crash, Lucky Shot","Shield Crash, Swashbuckle, Shield Crash, Swashbuckle, Swashbuckle, Rolling Thunder, Swashbuckle, Shield Crash, Shield Crash, Lucky Shot","Shield Crash, Swashbuckle, Shield Crash, Swashbuckle, Shield Crash, Rolling Thunder, Shield Crash, Swashbuckle, Swashbuckle, Lucky Shot","Shield Crash, Swashbuckle, Shield Crash, Swashbuckle, Shield Crash, Rolling Thunder, Shield Crash, Swashbuckle, Swashbuckle, Lucky Shot"
Grimstroke,"Ink Swell, Stroke of Fate, Stroke of Fate, Phantom's Embrace, Ink Swell, Soulbind, Ink Swell, Ink Swell, Phantom's Embrace, Phantom's Embrace","Stroke of Fate, Phantom's Embrace, Stroke of Fate, Phantom's Embrace, Stroke of Fate, Phantom's Embrace, Stroke of Fate, Phantom's Embrace, Soulbind, +65 Phantom's Embrace DPS","Stroke of Fate, Ink Swell, Stroke of Fate, Phantom's Embrace, Stroke of Fate, Soulbind, Stroke of Fate, Ink Swell, Ink Swell, Ink Swell","Stroke of Fate, Ink Swell, Ink Swell, Phantom's Embrace, Ink Swell, Soulbind, Ink Swell, Phantom's Embrace, Phantom's Embrace, -4s Ink Swell Cooldown","Stroke of Fate, Ink Swell, Ink Swell, Phantom's Embrace, Ink Swell, Soulbind, Ink Swell, Phantom's Embrace, Phantom's Embrace, -4s Ink Swell Cooldown"
Hoodwink,"Acorn Shot, Bushwhack, Acorn Shot, Scurry, Acorn Shot, Sharpshooter, Acorn Shot, Bushwhack, Scurry, Scurry","Acorn Shot, Bushwhack, Acorn Shot, Bushwhack, Acorn Shot, Sharpshooter, Acorn Shot, Scurry, Bushwhack, Bushwhack","Acorn Shot, Bushwhack, Acorn Shot, Bushwhack, Acorn Shot, Sharpshooter, Acorn Shot, Bushwhack, Bushwhack, -2s Bushwhack Cooldown","Acorn Shot, Bushwhack, Acorn Shot, Bushwhack, Acorn Shot, Sharpshooter, Acorn Shot, Bushwhack, Bushwhack, -2s Bushwhack Cooldown","Acorn Shot, Bushwhack, Acorn Shot, Bushwhack, Acorn Shot, Sharpshooter, Acorn Shot, Bushwhack, Bushwhack, -2s Bushwhack Cooldown"
Void Spirit,"Resonant Pulse, Aether Remnant, Resonant Pulse, Dissimilate, Resonant Pulse, Astral Step, Resonant Pulse, Dissimilate, Dissimilate, Dissimilate","Resonant Pulse, Aether Remnant, Resonant Pulse, Dissimilate, Resonant Pulse, Astral Step, Resonant Pulse, Dissimilate, Dissimilate, Dissimilate","Resonant Pulse, Aether Remnant, Resonant Pulse, Dissimilate, Resonant Pulse, Astral Step, Resonant Pulse, Dissimilate, Dissimilate, Dissimilate","Aether Remnant, Dissimilate, Aether Remnant, Dissimilate, Aether Remnant, Astral Step, Aether Remnant, Dissimilate, Dissimilate, +50 Aether Remnant Damage","Resonant Pulse, Aether Remnant, Resonant Pulse, Dissimilate, Resonant Pulse, Astral Step, Resonant Pulse, Dissimilate, Dissimilate, Dissimilate"
Snapfire,"Scatterblast, Firesnap Cookie, Scatterblast, Firesnap Cookie, Scatterblast, Mortimer Kisses, Scatterblast, Firesnap Cookie","Scatterblast, Lil' Shredder, Lil' Shredder, Scatterblast, Lil' Shredder, Mortimer Kisses, Lil' Shredder, Firesnap Cookie, Scatterblast, Scatterblast","Scatterblast, Lil' Shredder, Scatterblast, Firesnap Cookie, Scatterblast, Mortimer Kisses, Scatterblast, Lil' Shredder, Lil' Shredder, Lil' Shredder","Scatterblast, Firesnap Cookie, Scatterblast, Firesnap Cookie, Scatterblast, Mortimer Kisses, Scatterblast, Firesnap Cookie, Firesnap Cookie, +70 Scatterblast Damage","Scatterblast, Firesnap Cookie, Scatterblast, Firesnap Cookie, Scatterblast, Mortimer Kisses, Scatterblast, Firesnap Cookie, Firesnap Cookie, +70 Scatterblast Damage"
Mars,"God's Rebuke, Spear of Mars, Spear of Mars, God's Rebuke, Spear of Mars, Arena Of Blood, Spear of Mars, God's Rebuke, God's Rebuke, +100 God's Rebuke Distance","God's Rebuke, Spear of Mars, Spear of Mars, God's Rebuke, Spear of Mars, Arena Of Blood, Spear of Mars, God's Rebuke, God's Rebuke, +100 God's Rebuke Distance","God's Rebuke, Spear of Mars, Spear of Mars, God's Rebuke, Spear of Mars, Arena Of Blood, Spear of Mars, God's Rebuke, God's Rebuke, +100 God's Rebuke Distance","God's Rebuke, Spear of Mars, Spear of Mars, God's Rebuke, Spear of Mars, Arena Of Blood, Spear of Mars, God's Rebuke, God's Rebuke, +100 God's Rebuke Distance","God's Rebuke, Spear of Mars, Spear of Mars, God's Rebuke, Spear of Mars, Arena Of Blood, Spear of Mars, God's Rebuke, God's Rebuke, +100 God's Rebuke Distance"
Ringmaster,"Impalement Arts, Tame the Beasts, Impalement Arts, Tame the Beasts, Tame the Beasts, Wheel of Wonder, Tame the Beasts, Impalement Arts, Escape Act, Impalement Arts","Tame the Beasts, Impalement Arts, Tame the Beasts, Impalement Arts, Tame the Beasts, Wheel of Wonder, Tame the Beasts, Escape Act, Impalement Arts, Impalement Arts","Tame the Beasts, Impalement Arts, Tame the Beasts, Impalement Arts, Tame the Beasts, Wheel of Wonder, Tame the Beasts, Escape Act, Impalement Arts, +200 Escape Act Cast Range","Impalement Arts, Tame the Beasts, Impalement Arts, Tame the Beasts, Impalement Arts, Wheel of Wonder, Impalement Arts, Escape Act, Tame the Beasts, Tame the Beasts","Impalement Arts, Tame the Beasts, Impalement Arts, Tame the Beasts, Impalement Arts, Wheel of Wonder, Impalement Arts, Escape Act, Tame the Beasts, Tame the Beasts"
Dawnbreaker,"Celestial Hammer, Starbreaker, Celestial Hammer, Luminosity, Celestial Hammer, Solar Guardian, Celestial Hammer, Starbreaker, Starbreaker, Starbreaker","Celestial Hammer, Starbreaker, Celestial Hammer, Luminosity, Celestial Hammer, Solar Guardian, Celestial Hammer, Starbreaker, Starbreaker, Starbreaker","Celestial Hammer, Starbreaker, Celestial Hammer, Luminosity, Celestial Hammer, Solar Guardian, Celestial Hammer, Starbreaker, Starbreaker, Starbreaker","Celestial Hammer, Starbreaker, Celestial Hammer, Luminosity, Celestial Hammer, Solar Guardian, Celestial Hammer, Starbreaker, Starbreaker, Starbreaker","Celestial Hammer, Starbreaker, Celestial Hammer, Starbreaker, Celestial Hammer, Solar Guardian, Celestial Hammer, Starbreaker, Starbreaker, +15% Celestial Hammer Slow"
Marci,"Dispose, Bodyguard, Rebound, Rebound, Rebound, Unleash, Rebound, Bodyguard, Bodyguard, Bodyguard","Dispose, Rebound, Rebound, Dispose, Rebound, Unleash, Rebound, Dispose, Dispose, +100 Rebound Cast/Jump Range","Dispose, Bodyguard, Rebound, Rebound, Rebound, Unleash, Rebound, Bodyguard, Bodyguard, +100 Rebound Cast/Jump Range","Dispose, Rebound, Rebound, Sidekick, Rebound, Unleash, Rebound, Sidekick, Sidekick, Sidekick","Dispose, Rebound, Rebound, Sidekick, Rebound, Unleash, Rebound, Sidekick, Sidekick, Sidekick"
Primal Beast,"Uproar, Trample, Onslaught, Trample, Trample, Pulverize, Trample, Onslaught, Onslaught, Onslaught","Trample, Onslaught, Trample, Onslaught, Trample, Pulverize, Trample, Onslaught, Onslaught, +90 Onslaught Damage","Trample, Onslaught, Trample, Uproar, Trample, Pulverize, Trample, Onslaught, Onslaught, Onslaught","Trample, Onslaught, Trample, Onslaught, Trample, Pulverize, Trample, Onslaught, Onslaught, +90 Onslaught Damage","Trample, Onslaught, Trample, Onslaught, Trample, Pulverize, Trample, Onslaught, Onslaught, Uproar"
Muerta,"Dead Shot, The Calling, Dead Shot, Gunslinger, Dead Shot, Pierce the Veil, Dead Shot, Gunslinger, Gunslinger, Gunslinger","Dead Shot, The Calling, Dead Shot, Gunslinger, Dead Shot, Pierce the Veil, Dead Shot, Gunslinger, Gunslinger, Gunslinger","Dead Shot, The Calling, Dead Shot, The Calling, Dead Shot, Pierce the Veil, Dead Shot, The Calling, The Calling, +350 Dead Shot Cast Range","Dead Shot, The Calling, Dead Shot, The Calling, Dead Shot, Pierce the Veil, Dead Shot, The Calling, The Calling, +350 Dead Shot Cast Range","Dead Shot, The Calling, Dead Shot, The Calling, Dead Shot, Pierce the Veil, Dead Shot, The Calling, The Calling, +350 Dead Shot Cast Range"
Kez,"Echo Slash, Kazurai Katana, Echo Slash, Grappling Claw, Echo Slash, Raptor Dance, Echo Slash, Kazurai Katana, Kazurai Katana, Kazurai Katana","Grappling Claw, Kazurai Katana, Grappling Claw, Echo Slash, Grappling Claw, Raptor Dance, Grappling Claw, Kazurai Katana, Kazurai Katana, Kazurai Katana","Echo Slash, Kazurai Katana, Echo Slash, Grappling Claw, Echo Slash, Raptor Dance, Echo Slash, Kazurai Katana, Kazurai Katana, Kazurai Katana","Echo Slash, Shodo Sai, Falcon Rush, Talon Toss, Falcon Rush, Raven's Veil, Falcon Rush, Talon Toss, Talon Toss, Talon Toss","Grappling Claw, Echo Slash, Kazurai Katana, Grappling Claw, Grappling Claw, Raptor Dance, Grappling Claw, Echo Slash, Echo Slash, Echo Slash"
