filename,toxic
gusmhxpsaramvow.mp3,2.0
lcgheoabwvtzfsp.mp3,1.0
krquyfwinrvfhdv.mp3,3.0
gqhyneinwzqnwad.mp3,3.0
hmvrrqhtrvotzmz.mp3,0.0
ofmqbjalmjmvacf.mp3,2.0
cosyrfpxtdvorba.mp3,2.0
nghpuxnrzvyfenw.mp3,1.0
ctuhgdzjchhjjav.mp3,3.0
aoztcbxnfyumhvz.mp3,0.0
jhxtuvumkixstck.mp3,0.0
himuizftmfcvqzp.mp3,2.0
jpdbltoizxzauia.mp3,4.0
usvdcectjjvznqq.mp3,0.0
xqkwvjnbauaajrv.mp3,1.0
bsygwxjldtzylia.mp3,3.0
ebkivvgkxvkxhib.mp3,4.0
vexayderisdpmdy.mp3,3.0
ngmuvtcquczfxlk.mp3,3.0
zuwmmobjejucjzq.mp3,3.0
krbymooorrfmkbk.mp3,3.0
jjtjbtejjsjbyje.mp3,0.0
mvhaxsfqvmlcuge.mp3,4.0
zsnzkftgcutxtlw.mp3,0.0
kbjcrdpzqhzgrgm.mp3,0.0
aoflkqvnbnbydkp.mp3,0.0
wxfrelrzbticywf.mp3,4.0
zzaublssfdiabpf.mp3,2.0
rttpamiiweakfza.mp3,1.0
qgknmuqpgabrrik.mp3,0.0
vmpidsssujwlrfj.mp3,0.0
xgwghkcizggoqkp.mp3,0.0
jzdldjbsxepuyge.mp3,1.0
aukwiuxlhyukzug.mp3,0.0
zmrjvcooqzojeam.mp3,3.0
vmburampsfbgsag.mp3,3.0
xsmzwssbvyrlele.mp3,3.0
grmjygmlzfsxxeb.mp3,0.0
isojnejxtbqgenn.mp3,3.0
xkowaowlekxnmwi.mp3,0.0
tdrkqrubrbhfdmj.mp3,3.0
omrtrrzoeapehnx.mp3,0.0
oxbpjdbmbvmmqve.mp3,3.0
vbeasrsjteighvd.mp3,4.0
dngvmjxjorsarnw.mp3,4.0
btxieffyghsnela.mp3,3.0
beigwleevfpfltt.mp3,3.0
drrwjkgynarxjpg.mp3,3.0
aqvftnozitroewn.mp3,3.0
zfevdyyhvhcjlvk.mp3,1.0
gsdudfxhtqjjggj.mp3,2.0
qatdbfrgqsimgqv.mp3,0.0
ntycpxeewwwbini.mp3,3.0
stclmfnlyukjlyv.mp3,0.0
hjeygnjsxvoxnaz.mp3,4.0
egqgluubdofjlbf.mp3,3.0
bzcohpulbasxdeo.mp3,0.0
xlasavuqpfzvfxu.mp3,0.0
ukbowxpxktpxpwr.mp3,3.0
qizpdaiflnxsxiy.mp3,0.0
cbsbtudkgcuswgb.mp3,1.0
ctuidhjtcfhjwtl.mp3,4.0
vsdzhumoncmppih.mp3,1.0
gqafaouflrphogf.mp3,2.0
fqsaoznwzyflifo.mp3,0.0
boysunvbzewwacl.mp3,4.0
othihytaafzsiyb.mp3,0.0
zduajkuaodoisna.mp3,2.0
amwqunqcbjmmpsw.mp3,0.0
mtnrqabdqoxairu.mp3,2.0
kudddsogtpzvrdg.mp3,4.0
zvleipojsjhfuax.mp3,2.0
jeoxehylftwbeuu.mp3,0.0
sorwrbeueqaqadg.mp3,0.0
kvpomqlquqqtior.mp3,2.0
lrzclyocccdines.mp3,3.0
zinrsynqnocdqfp.mp3,2.0
wxsnpzzzwilhepe.mp3,4.0
mcgbkdbbsydqchn.mp3,0.0
opflhldnxuxmapx.mp3,3.0
layifcwdvruwoqy.mp3,4.0
ynlnjvxpkhwrxks.mp3,1.0
apzqgevbavgysle.mp3,3.0
ajzsjlsrlrfbfkb.mp3,3.0
jvptrjspglxinjm.mp3,2.0
nhkqedmxjlpevbe.mp3,1.0
isjnvnkxsxhtfck.mp3,0.0
duupxyloavtwulo.mp3,0.0
bkpklawimnqyvos.mp3,0.0
kkczxaurbzimdqq.mp3,0.0
qugftzpgizkdrlb.mp3,0.0
pcdlcjbdxmdoygs.mp3,4.0
gxahohyvnldlavu.mp3,4.0
gvtvvdycbpmfwcp.mp3,2.0
smaircwhpoyrmey.mp3,4.0
leeksdaefarvehw.mp3,0.0
fmhmuubuvxrbbwv.mp3,4.0
qiuogkxrilfykpz.mp3,3.0
aldsucnwwcygiix.mp3,3.0
apuwiqlptyiegyl.mp3,3.0
sragpcwzsmfknlm.mp3,4.0
pmowhcjjenfhaas.mp3,3.0
gcoqlhmwzvlucnv.mp3,3.0
mnfbhgerbmdscwq.mp3,3.0
kaiwhhzilwcwmob.mp3,4.0
vgdxfusliwdogiq.mp3,0.0
fyarhjepcxchnwv.mp3,0.0
rqzgwqbscvucpef.mp3,4.0
gffftfdcxmsdihl.mp3,0.0
hgipfswogowtqqq.mp3,0.0
ejjpspoftzhluym.mp3,2.0
ltledyylhkxtutr.mp3,0.0
ceagnpnmbklbjly.mp3,2.0
lkpjvrgjoopilyv.mp3,2.0
irfyaodmwrptxdy.mp3,0.0
hhrzzrwqwsvkcek.mp3,0.0
ctbvlkyvvahctyu.mp3,4.0
zxfkqircjobofjk.mp3,1.0
whzfumvjjsqdsxx.mp3,4.0
eduotcosjgboyqh.mp3,3.0
akstqppdvghylxf.mp3,0.0
xblutpkrwdgiqpr.mp3,1.0
dimezlxspgyputu.mp3,3.0
dgbodwwsomlwcnq.mp3,3.0
omrfpyqaalxrhfq.mp3,0.0
xlyznnopzivpbgn.mp3,0.0
utkmydpcdsouxdj.mp3,3.0
jdggbdoyfombyrf.mp3,1.0
qggaerkpjupwjxd.mp3,2.0
dwfepdidhfkpmfx.mp3,3.0
alqetapixlizsrh.mp3,0.0
olsbgzwxdahecnt.mp3,0.0
ibrhgegbsqwvqse.mp3,3.0
ubeaolrfmoobwiz.mp3,0.0
ufplkmreydubjtq.mp3,3.0
ohntrjaokfxtnvs.mp3,0.0
eyjwvrlpvvplrky.mp3,2.0
wtmlmjhkfyltoli.mp3,0.0
pmvxulbsxttqqko.mp3,3.0
vhxtzfdaudpynvg.mp3,2.0
wroxyleocnrqgrk.mp3,0.0
pycsnvlvfkricwi.mp3,3.0
kkglyxoebcfcliz.mp3,0.0
vvgsuxrjcinrvyq.mp3,0.0
yxzjgvngygnkcrt.mp3,4.0
fytyxgysjriqbxs.mp3,0.0
nrdstrssghzfpbl.mp3,0.0
cgyfgenjrbdbqrx.mp3,4.0
capoyfehjilebdf.mp3,0.0
qsbycnifcqdkqth.mp3,0.0
ywsrrtczyetfeff.mp3,2.0
lnwlzxzqxmdwbux.mp3,4.0
typtjvryukyicig.mp3,1.0
leitkdaqdpsvbfs.mp3,1.0
qtanikkycpwcrvf.mp3,3.0
rkemgupqfqxmbof.mp3,4.0
skjtplcanmsmlba.mp3,3.0
cjloggwkwwaqxst.mp3,0.0
kburqotkwehlfwa.mp3,3.0
vkvikjvhfvpdepl.mp3,0.0
iotudfgzgxnezdv.mp3,0.0
xwytyzugyitrqum.mp3,3.0
bjngjwxqxdlhoel.mp3,2.0
dmdfeascolsjrsk.mp3,3.0
nbprrdwmdfzrzye.mp3,4.0
cjyaxzsvplzbptg.mp3,3.0
devqplagdvgcyak.mp3,0.0
dthtlumhavqdrxt.mp3,3.0
reeoriabxvninpm.mp3,0.0
brxtpbehenucktu.mp3,0.0
prwrllbrpzetbtj.mp3,2.0
qechdfnytfvtwaw.mp3,3.0
ptajgpamejlpyqs.mp3,0.0
obsnwadrplsceot.mp3,3.0
tzuxmviilyacpas.mp3,3.0
oaupgmdbcpwprux.mp3,4.0
gnoutlgldqqgffu.mp3,3.0
csjnyqbmuysdfpm.mp3,4.0
gvgwmcmhxempwjj.mp3,4.0
dwdflvafjaxxmkf.mp3,4.0
urzlsxjpdlqpmsn.mp3,3.0
hzbbujurqlytuzy.mp3,0.0
pbjklwknjzvraiq.mp3,2.0
kjvmugzmwrcvkcq.mp3,3.0
wcgfmznnfticwcd.mp3,2.0
wnsntfchchybbad.mp3,4.0
mzrntadtrmkudvd.mp3,3.0
tupwrmtpriuypfx.mp3,4.0
ukpdcaxumpikljn.mp3,0.0
empeyrmaayrhlwe.mp3,3.0
hygrysrcravayvm.mp3,0.0
wfbevlcdwsuffhk.mp3,3.0
xkjaslqiiloexbg.mp3,1.0
sumqynmavqahryt.mp3,3.0
zznweloztglshwv.mp3,3.0
rjyjgssrqpjljbp.mp3,3.0
qryffbeurfmougk.mp3,0.0
fwbjoxreadvspeb.mp3,1.0
nvhlgucoviigtla.mp3,4.0
irubkqmpcgryhgu.mp3,3.0
aoabageepnpfkqk.mp3,0.0
yfybokomsukwwqg.mp3,4.0
pgirkbdjqsrutpw.mp3,0.0
xnjmvthbgrksesu.mp3,0.0
iufhqgejkziqzan.mp3,0.0
sykmgtiinxewzeg.mp3,0.0
waeglodpkoinfbk.mp3,3.0
fjhlffxsycfigui.mp3,3.0
kxxmmklrcdiroyi.mp3,0.0
oimquqqpimmobxp.mp3,0.0
ilaiukoruukrwsw.mp3,0.0
vwyghmhtiqmgwud.mp3,1.0
farcfbeffuvqbil.mp3,3.0
vhkmhqjqhptemgw.mp3,3.0
yyxepsqguzsnluw.mp3,3.0
gnmxlifstoaippu.mp3,2.0
rhuhbrmxzcqeohd.mp3,3.0
ixsjszchtofnaip.mp3,0.0
mcgsfdekocjgiit.mp3,0.0
eubwdrbveofqjod.mp3,0.0
pqmryfouaggyuyu.mp3,0.0
lwrhfknbqcjyzfj.mp3,0.0
gattgzorletoray.mp3,4.0
oihhcbgbxmxbphv.mp3,3.0
zstqkgerjlehnhe.mp3,0.0
cvqqfjnsylvrlvs.mp3,4.0
mypusktwxhvkpsl.mp3,3.0
reyqvtbfzycdgsu.mp3,0.0
uvsqjuxbmiaccmx.mp3,3.0
uurefkvkhmeascd.mp3,2.0
hvhxsihbdkugzqj.mp3,0.0
ztbkglsqzgytwor.mp3,2.0
yfblvwgloairjte.mp3,0.0
cabmkujjvrxvdlw.mp3,2.0
lhidkvswaphdvqb.mp3,1.0
bynctqtncmkarpb.mp3,0.0
wwgqkqdxkenilgv.mp3,0.0
mpzdsezerbuihzb.mp3,4.0
ozokinrdmdxnmrf.mp3,0.0
tlaljpnjltnvbcl.mp3,1.0
yuzlbfttxdrvhin.mp3,4.0
vkozxtmhwuwitus.mp3,1.0
udmnjjchgoghtcp.mp3,3.0
prxjymnphketilj.mp3,3.0
soilwvslloxdvam.mp3,3.0
hfcostfqtlszaqc.mp3,1.0
hcgjqoidkbjyavu.mp3,3.0
jnbefztidwyadmq.mp3,3.0
mkqmnpdaimfanxq.mp3,4.0
wbazmsfzydkvzww.mp3,2.0
xfvbnwoxognvirg.mp3,1.0
pbudbnsgkawodaw.mp3,3.0
uzpygifyygunqxg.mp3,4.0
mgjhyjlskalikvq.mp3,4.0
bpbbxzcbypdbtik.mp3,0.0
ojiskmhayymeqmv.mp3,3.0
obgxtulsbaiwsxr.mp3,3.0
vmyedodlelfkwpu.mp3,3.0
hbrxvpurffbmcla.mp3,3.0
merbxbdlzxzdgsh.mp3,2.0
fisupsiqthnduaf.mp3,0.0
nbffjyovogxkrwl.mp3,0.0
wphrucuoubnqunz.mp3,3.0
bwmyipiznwbtzgl.mp3,0.0
amteikarboseqob.mp3,1.0
ykzjnuwgnsmxlhx.mp3,1.0
tbnijvuldugggyb.mp3,0.0
klomdgdbhmqvahj.mp3,3.0
otibwcnelzhiqtn.mp3,0.0
oasbbvjipaplniv.mp3,3.0
wgprevhxgczuern.mp3,3.0
rurwaoqdwfrrrdt.mp3,4.0
mzfvecugbrpccjs.mp3,0.0
yizfjehszjehglm.mp3,1.0
kuiuqsntdggxbyt.mp3,1.0
fsjmhqhwljxwdsc.mp3,3.0
vlwjxcutnlfmury.mp3,4.0
etrxvbolcocnpen.mp3,4.0
ryrvskvkwqmeicy.mp3,0.0
cygbmrqjowiancq.mp3,4.0
xescuyxmxyeyrwh.mp3,2.0
vwdixcuifqismjf.mp3,1.0
plbnztzbfalfwpj.mp3,0.0
wyzmfcdeyqdteey.mp3,0.0
ygfpputfyirvhgr.mp3,1.0
iqmfuodffckfzmj.mp3,4.0
ihjvxgzuoceeyjn.mp3,0.0
ajwscylhhhkmgwh.mp3,0.0
xagywhxuztgcnfp.mp3,4.0
gelgfoqvogsimeh.mp3,2.0
ljevfgomoqbxpgw.mp3,4.0
qsaetkuyqiaddzl.mp3,3.0
qosgzlthpqkbitf.mp3,3.0
xxvkbvdinegozru.mp3,0.0
ylylunqqjjekjcz.mp3,0.0
egzevjaqphnfjvu.mp3,0.0
jmiuewvpbhrpxlb.mp3,3.0
vvoypcxdowvtbye.mp3,4.0
pxwgsvrlqpcrbzq.mp3,3.0
ynopqlhwqwtzeei.mp3,0.0
yigzesrsneyxvwg.mp3,1.0
yfyoufsscejmcqd.mp3,1.0
wilpeyrwajakmyj.mp3,0.0
qsgigtyjvpmffgn.mp3,2.0
bmfapihvmntzmqg.mp3,1.0
zccmyoxhnjrncqv.mp3,0.0
rkltjrkhswbynyk.mp3,0.0
unffslcqpzvpdzu.mp3,0.0
zrouvhvxidtdyys.mp3,0.0
sprwxuvrrjecpsj.mp3,2.0
fuddgkhdwvjflqh.mp3,0.0
dlpszonwprdlceq.mp3,3.0
ncwacgkbhaufxcb.mp3,2.0
ffnebtjrghfwlis.mp3,0.0
ldwvyicoctjuiti.mp3,1.0
hlriigxntyzwhxf.mp3,2.0
qqcuukhyzyzimgk.mp3,3.0
sqtbwfuetrkpyra.mp3,2.0
hobfrriwrnsdglo.mp3,3.0
zybnfrnkxbbruch.mp3,2.0
adxrbjcdccjzdxe.mp3,0.0
nsnelwakddidysp.mp3,3.0
pakolfqdzbvwazb.mp3,0.0
hnoglwhwgjgqyrq.mp3,1.0
irmspyhmqcothes.mp3,0.0
fgowodllmyzfxvf.mp3,0.0
okqiydiuzhumplk.mp3,0.0
ezmbwlcoogrkhla.mp3,0.0
myeqarcwatqqrvg.mp3,3.0
gvywsfinrhriakn.mp3,0.0
mpbbvuqkqtzmikw.mp3,4.0
hgdyxllxazeajsh.mp3,4.0
idkhfkyewpplude.mp3,1.0
szvcxmndnlfqjmn.mp3,2.0
mrqgeqobsonjdlr.mp3,2.0
zhabrakkkrlmxfz.mp3,0.0
wqwhmrcbrdwxbsu.mp3,3.0
vdgumiurnqglywr.mp3,3.0
ofjmeensxycjgsm.mp3,0.0
asvdjgdrjlqjpxu.mp3,4.0
flfqnbpcjwekvkp.mp3,3.0
cwzopsdfxlgrzxn.mp3,0.0
vexmgnxbxnpcglm.mp3,0.0
wolmkusejwvtlak.mp3,3.0
pcogtruexnmapnj.mp3,3.0
vxgodrbaudjlhfu.mp3,0.0
wtaqsumfzimexue.mp3,4.0
fhhciodibyiszgl.mp3,0.0
cpxwdldblfytimb.mp3,2.0
rzfsakyidkhqooe.mp3,3.0
rfxzumfoqhswmwr.mp3,3.0
bepijjuibxxcgwe.mp3,3.0
wpvsbjcdefkwycs.mp3,0.0
tlgzaoihflbatms.mp3,0.0
risildougttjkhi.mp3,3.0
ifsdocuuglmybeu.mp3,3.0
kioweoazczwrjaj.mp3,0.0
ghwqfxhkzjhkqco.mp3,1.0
womzceaibtydxll.mp3,0.0
okwykquwmutpbae.mp3,1.0
mlkpmsdleqxxlci.mp3,0.0
pxhjpvzelrdewln.mp3,2.0
lwuaehpmwtuoamf.mp3,0.0
jdznnbppodqxdhp.mp3,3.0
mcesftogbgxokep.mp3,0.0
vgmlrpwuqlbqbhq.mp3,3.0
rfcctejzptmdhhw.mp3,3.0
ptojnxzryfeeret.mp3,3.0
kpzuhjbqbfvsnqy.mp3,0.0
ryugmnhtjgvhxpd.mp3,1.0
flpzsebrqpzcetu.mp3,4.0
nhhcmnwgcxkbyer.mp3,0.0
oozymubigsbaxrw.mp3,0.0
szzagyxaqldolaq.mp3,2.0
ijgdnvywvqrgtts.mp3,2.0
deweoiznsqdxpmb.mp3,3.0
rncercraznpycqp.mp3,1.0
qrtdxndlacfuxqv.mp3,0.0
bummtpxmqczjyfu.mp3,0.0
jnkopzcmkekqqrg.mp3,3.0
rudgsaqtnuqntka.mp3,1.0
dfrcnepnhemwrrt.mp3,3.0
jxszodsbnghdeyr.mp3,0.0
pauzobsxtdwmcsd.mp3,0.0
bhwzoqnkfqlbrxs.mp3,3.0
kjdagkhclcxoqln.mp3,2.0
otgpbvwrvdwcyhg.mp3,0.0
hzaasrakiqgxjfp.mp3,0.0
kyyzrfnnuqwmaas.mp3,2.0
dbokhtpaugyiejg.mp3,3.0
reqixttcuaxsrul.mp3,0.0
bdktdjliltineuu.mp3,3.0
dohrgihrxgihcbx.mp3,0.0
lwrkwjdydcmsacy.mp3,3.0
bnofqpkuauehwun.mp3,0.0
gqqmnjbrofhjoni.mp3,3.0
dwpypxicdqgphzl.mp3,4.0
mpftfnxejlxynns.mp3,0.0
bsskjigtxggxlyn.mp3,0.0
ornxeiraahemilr.mp3,3.0
cqbzjkhomqgkzen.mp3,3.0
qfbkyqsirtcuiiy.mp3,0.0
tgzedeqtngpuzrr.mp3,0.0
glqscqszvoikbzr.mp3,0.0
qjitrciqtmuwllm.mp3,0.0
opxpghpngokxrev.mp3,2.0
fsvwvdcblhvtbdm.mp3,0.0
yuevucjarjmidtl.mp3,3.0
drptxdubwqshuou.mp3,2.0
eajgnihhtbwfhyi.mp3,3.0
falllyluumsixyl.mp3,4.0
tsirlpqwqwjfyoz.mp3,0.0
hhhsabpykwytmwn.mp3,0.0
ndvpsaycaipycbo.mp3,1.0
qwluzwepstjrghv.mp3,0.0
jjwnnztiohbhxka.mp3,0.0
etmyacfothezfil.mp3,0.0
khwmjedzjpdcljb.mp3,3.0
amlnyhzroxaovyq.mp3,0.0
bhoqsngcctrcmgc.mp3,3.0
yqmdvyzslvwhmwf.mp3,0.0
gkwsasyjjervxrt.mp3,0.0
abyfhdoiabkqbyz.mp3,0.0
bqtepeudmxbepmq.mp3,0.0
gtebjkoeenznvno.mp3,3.0
xspzifslsknqrtb.mp3,3.0
cxabwwpexbvkfjb.mp3,3.0
yfzvysbsdebpyki.mp3,3.0
ulspbzbxwawkrei.mp3,2.0
ioeqyjurwgnzylt.mp3,1.0
toxykbefiicnnnf.mp3,3.0
uaasuqnrzvmichr.mp3,3.0
gjrtcvseisubimq.mp3,3.0
fejnqvihdunakzh.mp3,3.0
yiawjsiavkeavqv.mp3,4.0
pdsvujrqfkhwmeh.mp3,4.0
clrltwzpfzevjwd.mp3,1.0
jbavfjvrdlijxdp.mp3,0.0
xunigjuktuerrbz.mp3,3.0
ypvopuuiuiusehd.mp3,3.0
xvdnaggkkjadyba.mp3,0.0
aexwhvwfgcfkwvp.mp3,3.0
vjoeixitwpjrkis.mp3,0.0
gsooqjsyhzcqvfc.mp3,2.0
ntoptvkwpuyfdgm.mp3,0.0
kowqkmidpoknozo.mp3,1.0
lseohznepbuqgrj.mp3,4.0
gpjpqxwiigpimyu.mp3,0.0
qpstnpsjbwuyqck.mp3,0.0
hdoxkfjdlthtsqu.mp3,2.0
bycckftsilcqntd.mp3,0.0
msepnmhvjhzoffo.mp3,1.0
edugbmfebzjsiwq.mp3,3.0
flwwxtcaeppzhrt.mp3,0.0
skjedidogvbdhkp.mp3,0.0
reaierfuuncgzhd.mp3,3.0
wcvinuuansvhsot.mp3,0.0
kvfpwvlcwwwnjdc.mp3,0.0
pffgbhafvgsxllp.mp3,0.0
mnlkytvbuikfkrw.mp3,3.0
uepltiscaterrqr.mp3,3.0
rhuncysqfpjgapf.mp3,3.0
ieybrmseyvksdec.mp3,0.0
ekrsudmpmjhdnkq.mp3,1.0
eujctwnrmrbzton.mp3,0.0
sikgqmhjodadbxx.mp3,3.0
tpmnorwsbndzuqh.mp3,3.0
dhgoxpcbhidfdwr.mp3,3.0
opsyzhgohurdert.mp3,0.0
wllfzbymrnjjclr.mp3,0.0
gfntckuothvtbgu.mp3,3.0
alvxufyjkbrzqnd.mp3,1.0
gcbvhscekyhidxz.mp3,4.0
hlnswwdekaawvqr.mp3,0.0
bdwvfeqxctudivd.mp3,4.0
ssdrofobxlfowca.mp3,4.0
gfigjygqqvbwhgs.mp3,3.0
dngnylpivqywzpj.mp3,3.0
zgijrniftxatrzp.mp3,2.0
ghakyamnbgrvcot.mp3,0.0
gjlpuisjnycnjee.mp3,0.0
vtxuyrubxdrhjhb.mp3,3.0
stqffgytuoyjjwi.mp3,0.0
uepuagalcwfbjwg.mp3,0.0
xzntgqsiobywarq.mp3,2.0
vymlwrqznztgbes.mp3,0.0
jqbvynupvlsvtra.mp3,0.0
hspbgiubyziwxdw.mp3,3.0
ygalsxxkofzhlpa.mp3,3.0
yznsxfjnigxewah.mp3,3.0
utwbkhadhmxteio.mp3,1.0
uzczdiauxjvkful.mp3,0.0
fhvdysryxxbazdo.mp3,0.0
oddxpvajpslghzu.mp3,0.0
ohaepxjlwazgqpc.mp3,0.0
qeryrpbsuztcwpx.mp3,0.0
kvvkhqshvuwborx.mp3,2.0
tuudbtshoibmxyi.mp3,3.0
qdtnmyoxjdtqehz.mp3,0.0
yhljxpuejovluya.mp3,0.0
wfwkebwqggffgzo.mp3,0.0
ybjbbdpyxgegaej.mp3,0.0
nvhjrbojvaabulu.mp3,3.0
fzkgnydarxtekzy.mp3,4.0
yafyxauaencmlxo.mp3,4.0
tycjnzohaqefxbh.mp3,0.0
awpfppifrzdsssq.mp3,2.0
kamklzwaeymyukr.mp3,0.0
ntdvozibmoflnic.mp3,0.0
rorhsxnljowxvnb.mp3,3.0
evevarmfyilblsf.mp3,2.0
puwktwlilunuevb.mp3,4.0
qtshwaktektbkys.mp3,1.0
hogziauzacnidcn.mp3,4.0
kiwkkorhjcvigcc.mp3,0.0
hzzwujfweettvdq.mp3,0.0
gzsofvaldyvtsre.mp3,0.0
pcmosqusdgwvgjd.mp3,4.0
lpzvehvqjotgsdw.mp3,0.0
ljjbhdfnxekowts.mp3,0.0
zozdbmcolrtogsi.mp3,0.0
bkzszqqcurstkts.mp3,3.0
djhhaxvdxmnsfqb.mp3,0.0
nfeqqbbrarrewwe.mp3,0.0
lekhssbchjpbwnp.mp3,4.0
svpzaxxbqydcdhl.mp3,2.0
aeqvebuhksxzvis.mp3,0.0
ktinxesdmczlqwl.mp3,3.0
tpkitqvgosvquxl.mp3,0.0
ygbtmqvixhtfovs.mp3,0.0
quphsuwigmmexff.mp3,4.0
oyspwzeocpsclbv.mp3,1.0
vnfvhlzpsxknajm.mp3,2.0
uawmdbajyvjmstl.mp3,0.0
zkalvntyfqvmlfq.mp3,0.0
msiuyycrncmuyxx.mp3,0.0
ztkcpndvzrvplnv.mp3,0.0
jdydedfnvtbnzxn.mp3,0.0
wcuwdiyypztkrbe.mp3,2.0
ojtvkzsahmeglmu.mp3,0.0
dbijsdrqkymbdna.mp3,0.0
mygycqkxvkvaqfk.mp3,0.0
mejpvackbbrjkot.mp3,3.0
qtyeyqjmgwdavhf.mp3,4.0
aqozfrimdgyzryu.mp3,0.0
rixszyyeiuleicg.mp3,2.0
cyofdjesnnajmrt.mp3,0.0
tnsjcnmttucamez.mp3,1.0
xcnzzwngzhkyvdx.mp3,3.0
iwfftmlmyxekdar.mp3,0.0
olqugcogumpygfw.mp3,2.0
kuggvhonfudrkxg.mp3,0.0
ghbltipexzlodgu.mp3,0.0
pixmrodrgmwmkku.mp3,0.0
galapuijpafodfv.mp3,0.0
xzxbmjtexgyyzqh.mp3,0.0
ngzskgnsactlblp.mp3,3.0
vurjokplhbgjyln.mp3,0.0
fwchftxcfmhirql.mp3,0.0
vyfvlngprbgcqnq.mp3,4.0
uaiyildpucudbvn.mp3,4.0
wdustabgmucobbi.mp3,0.0
yxpykkwxclugekz.mp3,3.0
yrgeacgcuvfbhgx.mp3,4.0
ogurfckkoxeoshl.mp3,3.0
xszczdmpvbnqvja.mp3,2.0
fvykaxfpabovpmq.mp3,2.0
sttqgsoyscvmqmf.mp3,3.0
imdxnitksghdovd.mp3,3.0
atrylphyalgzrra.mp3,3.0
mxjxzqtkvcikrjx.mp3,4.0
hcxooemydbmcorx.mp3,3.0
dydbdtqcsmuhlgw.mp3,4.0
edojwrbuzdvjvez.mp3,0.0
qvglvxjlthnoqxo.mp3,0.0
gvepcrglarsdqnn.mp3,0.0
mvmvmqzuoumfmhd.mp3,1.0
rpvvbqlpkxvhvwx.mp3,0.0
uxmkfswvxrpuijq.mp3,3.0
hkwkrtbjyfflhrp.mp3,1.0
dztekjcxmwllscx.mp3,0.0
xhtiyjfudyhkjcj.mp3,3.0
rwxksdnzgqpjebr.mp3,0.0
pyjhzfjyzzjyxbz.mp3,0.0
mlzpavixaofipzj.mp3,0.0
xblldsmlxwowyqy.mp3,3.0
ttjbfwmmmxhdllf.mp3,3.0
snjcbwtytflxnjt.mp3,0.0
xagxoposgkggzhk.mp3,2.0
gamollcrbeqmcwo.mp3,1.0
zdkcorpdhvhlykd.mp3,3.0
nybohavqukcdcch.mp3,2.0
loeuwwqpnjocqyt.mp3,0.0
ekpnmzqlugnwwqd.mp3,4.0
cqklhwsuysltqow.mp3,0.0
yhoxnwfyzasxxdk.mp3,4.0
mhgojxygiolkiqb.mp3,0.0
mepltxblwbuimxj.mp3,0.0
bxfllqmuumfvohd.mp3,3.0
bvxdpmykryfktej.mp3,0.0
mrkovxxsmovihzu.mp3,3.0
dkpapwvtblwujxe.mp3,0.0
kmkdlszktolkuuv.mp3,3.0
rgyjxpleqvehtrx.mp3,3.0
cxuyzdqgnakkntd.mp3,1.0
hlylsuvrfjdxnwa.mp3,0.0
ouagipsqdpshbou.mp3,0.0
yrvdyugsccyxabq.mp3,0.0
hqlrjfawyuriych.mp3,0.0
arwvvslvvdfjqov.mp3,0.0
wazivmrjhwdzweb.mp3,3.0
yreubtkutbwxftj.mp3,0.0
fulraedxpotisgi.mp3,2.0
chtubkschtwsncy.mp3,3.0
rzgdbqhcwptsbus.mp3,0.0
oilvxzgeylbmlkw.mp3,0.0
luvkjkwctwdkyol.mp3,3.0
sglxdfufkedvkxn.mp3,2.0
fltnrzlqidypybe.mp3,0.0
zyhmuyckvbsteqa.mp3,3.0
rbrnnytzswircqf.mp3,0.0
dcxuysyeyubzpux.mp3,2.0
prnnweeascuhfco.mp3,3.0
vevcvedjffxsqrz.mp3,2.0
nliyczxrzytplwn.mp3,3.0
hhxzaipsxqyigke.mp3,2.0
igmwvqxcgdrgjru.mp3,2.0
otrrqxfmjokpjzk.mp3,1.0
bxelyqaizxmxdvz.mp3,0.0
ofecytgmmqcpcma.mp3,0.0
ejynjbizltnohed.mp3,3.0
eyoutloydhfpget.mp3,0.0
cvqzuepbssynfbh.mp3,3.0
hgzixckyvzawash.mp3,0.0
uzgqebztxnkynfr.mp3,0.0
fdgznvroxvshvcw.mp3,4.0
atoavdoxyvnpbwx.mp3,4.0
dctgnscdvmfysry.mp3,1.0
uykwjkkhjpxbsoi.mp3,0.0
hafagjzmfbanppd.mp3,4.0
brjgolcgsseoiof.mp3,0.0
gwdffwzuihawrhv.mp3,3.0
mtkgosbhdjzwnqq.mp3,3.0
blyxvtosbzbhkga.mp3,1.0
zwbubdyyjsnevwv.mp3,0.0
uuecufpyoucwtft.mp3,4.0
exgcbjxzfifbsqi.mp3,0.0
xbcexvspnzmmfue.mp3,3.0
qhnyqdmletgtkmg.mp3,3.0
sxwdpdvwtimyidc.mp3,0.0
jhlnhthwkperdgr.mp3,4.0
swnrropdqoppnpg.mp3,0.0
bosvvayxdomkdtg.mp3,2.0
uxpubgoirgckoyq.mp3,1.0
osplwredcxveakt.mp3,3.0
nagcbuscaatzitd.mp3,3.0
dkgwmvtklnbysxq.mp3,3.0
njdswazpckfsrey.mp3,2.0
fuoaqlnxgptsyhe.mp3,1.0
kpvljzyuvoaqrzx.mp3,0.0
bufojduzsdqcomx.mp3,0.0
mjccsdgnnathvdl.mp3,2.0
wyroqdzccvqqiyc.mp3,0.0
veruaoynnhtleep.mp3,0.0
mohdmueeeyluldd.mp3,2.0
doykoxmtvtufosb.mp3,3.0
vkvpvzrcshqruqh.mp3,4.0
cmtzvrabortpjwn.mp3,0.0
wwchwwhphfdfwpg.mp3,3.0
favhhldmiansvzx.mp3,0.0
sfpahogjuyfmict.mp3,3.0
bzdyghsjkzbkjnp.mp3,1.0
nehwcufzmbnxplo.mp3,0.0
dqcdemiunywxcud.mp3,2.0
qnssezipqqeziwz.mp3,0.0
vxnhomzsioxrwyp.mp3,0.0
itgvfompdmbmkaq.mp3,3.0
dramvqalcrndnsh.mp3,3.0
vtfpvdoncsiwymc.mp3,3.0
csjlaklmtiihsco.mp3,0.0
loaeyovflkhkqjc.mp3,0.0
atalwiagtqaadov.mp3,2.0
herngswezklrvhv.mp3,0.0
blshkvnckyzurjf.mp3,0.0
cuydlcqtctlqkta.mp3,2.0
yvgyjqohvufokmz.mp3,0.0
jufbmwiqustpxoi.mp3,1.0
enkqaocdtluccqk.mp3,0.0
mzzkwqlpqfjtvcn.mp3,0.0
bfxdupqagyohpjg.mp3,3.0
eyqfvfxxhnwqtup.mp3,0.0
uwlvocxjtdxnsqo.mp3,0.0
rqlatgazrosjyrs.mp3,3.0
bujejuomqkjhnuw.mp3,0.0
xublwzbmrfjlbgo.mp3,0.0
tbqdeczpkctuotq.mp3,3.0
anxkosdodwoskkx.mp3,0.0
wjkrynuepyypvrh.mp3,3.0
ybgsbbetaeouvip.mp3,4.0
zzpimymuarxwqck.mp3,2.0
fmdmescagyuyshf.mp3,1.0
ooesraqwnmiijwc.mp3,0.0
eooygiinesqslpw.mp3,4.0
xoemgkjjgymxvbu.mp3,1.0
reeujsokzhxnqrn.mp3,0.0
uvlgsbuglziiimx.mp3,2.0
xwaxrqgstyeztdy.mp3,0.0
wmndsrsbsttrjpz.mp3,3.0
lopozasqsusthrk.mp3,0.0
zyurxqlowyhwazw.mp3,4.0
snziunszamxfhrc.mp3,0.0
zzxwljvesmtzisy.mp3,1.0
cgxjjloshtxunql.mp3,3.0
dtcwomalkxghebm.mp3,3.0
bmyxznchtaaerat.mp3,1.0
fyspbvawntnjhkh.mp3,3.0
hgvkfnjnhsrjwxn.mp3,0.0
asyqfcipijjmtdq.mp3,1.0
mhhhbdcexryihpq.mp3,3.0
tzzxfmaznywjktp.mp3,3.0
pqmvlxkrkgluwlz.mp3,3.0
gbzpmalicgrjjff.mp3,0.0
xzcaxsecqqwdxfy.mp3,0.0
gveyyknawdxiuzz.mp3,3.0
vmzujfonuqaruiv.mp3,0.0
zqjdlbpxdewbgcp.mp3,3.0
himvrhsrgreralf.mp3,0.0
drmgsrsrfbcntrs.mp3,0.0
trvahupafiibcpw.mp3,3.0
gpdezyvzsoyjgdj.mp3,0.0
aqmutyhjtfewier.mp3,0.0
eawyglfrsdjjvil.mp3,2.0
knfvaypuenwhmfh.mp3,0.0
cxormwsevfchkqv.mp3,2.0
otumsttdfvgcsmd.mp3,0.0
aqvgfmkrtzamtxe.mp3,0.0
hnwxhquxbdexxno.mp3,1.0
hfsgiqehzrezmkf.mp3,0.0
xjlwmqyqfxjkrvs.mp3,3.0
nlberwwzxcasoxc.mp3,3.0
rxxkhyomzypbnev.mp3,3.0
afjbcmkqivbtxrw.mp3,1.0
fespjjrsnmpxjjq.mp3,0.0
zkcujcywohbgnmo.mp3,0.0
nrpipmqtfaaywhm.mp3,0.0
evnbuaybezhuhfp.mp3,0.0
hlwnlmfmnolntah.mp3,4.0
gfryrtjjmkubfdg.mp3,0.0
xgbhtkijerxgzbb.mp3,0.0
olvunxtdrbyoool.mp3,0.0
hrscgqqfouwkorl.mp3,3.0
lwjzvgmjicxzbdh.mp3,0.0
zitxrwqvrnnmjri.mp3,0.0
ljfnkrhtupctgpg.mp3,0.0
wbxgbetawdzwxcc.mp3,0.0
clkjfkopmgtrjfl.mp3,0.0
mlxhtnoztuxdesx.mp3,3.0
vdkopajasizfibp.mp3,2.0
mbilnwtygitscoj.mp3,3.0
isfhkwgrfjrdibz.mp3,2.0
eygxannjnlplfxr.mp3,3.0
cqwhzwwcpnwdrqk.mp3,4.0
zqfmmsayjybbiht.mp3,1.0
kivymebfyrpvask.mp3,0.0
idefttrulceidek.mp3,3.0
pvjclgbnszfcimr.mp3,1.0
tcvxygpyalavevc.mp3,0.0
azjgrgsyspegoqx.mp3,4.0
vfaarkjnvqmrpfy.mp3,0.0
drzsppsbgghkwot.mp3,0.0
sbaljlhnzlobchg.mp3,4.0
jhhctynyitlstct.mp3,3.0
egrfpuxmdodipxx.mp3,4.0
ivoujayxwymfhyq.mp3,0.0
baterghzllqypuq.mp3,3.0
isntqypgcjgkluo.mp3,3.0
xtycbftscipuvom.mp3,0.0
dvvmmstdcbjcyqu.mp3,3.0
iqluawebvobavmq.mp3,2.0
ajeripinbyxizar.mp3,3.0
xttvhtihktwbaoz.mp3,3.0
fbeudzvxeomdmdx.mp3,0.0
uzjayxctuemqmnv.mp3,0.0
tjincbibfvgapjd.mp3,0.0
udazqfygyvibljd.mp3,0.0
pqtbabupytpllqn.mp3,3.0
tlwtpwfhgyenqer.mp3,1.0
putqnafkmczypgu.mp3,3.0
eijpjsiqiugnerc.mp3,1.0
rwbdccxecjfyccd.mp3,1.0
utjlafqvmeejsab.mp3,3.0
ymsrpxrerdxupon.mp3,0.0
cxsyfgrerepbvcx.mp3,0.0
tjdqklxmesozdbv.mp3,1.0
djxgnedommkxicz.mp3,1.0
upupvynkpklskyt.mp3,0.0
kroruusuxntdnct.mp3,0.0
tnftkflgdviyhfz.mp3,3.0
xrtaxvvlhdnqdqa.mp3,4.0
sscrumpzigayobw.mp3,2.0
vapkpdyqtexkwug.mp3,3.0
axdiswvwpyxclpl.mp3,2.0
xkazlkazfosbdia.mp3,0.0
cvaiewxaayryuuh.mp3,3.0
xxgpfyojagzigsj.mp3,0.0
jamcjgidbwskxxh.mp3,0.0
atyoyyaeuxcpzru.mp3,3.0
npmmumtpgrxfxhi.mp3,1.0
zrtzoiuwbyafeje.mp3,1.0
cvsmslulvjjadpr.mp3,0.0
jfrrfkftslzeett.mp3,0.0
zupwvpaekkuljci.mp3,0.0
lrxvomcctglpxzv.mp3,0.0
roywslphttrezmw.mp3,0.0
ojyxtcerzsubaln.mp3,0.0
cgkkyzqmndydzuy.mp3,0.0
rnqznluvrgdbeub.mp3,3.0
hqfupnhqipjjbvs.mp3,4.0
clgncjecpqlhzda.mp3,1.0
vlubdbaijwopuvu.mp3,4.0
oepdktnvrbtxevl.mp3,0.0
colmmsyvcywgxus.mp3,2.0
kyxewqhhhquoiml.mp3,2.0
nbcrsdsnnxmcwvq.mp3,0.0
tjiqvybkiaoawtx.mp3,3.0
wxksqzpfadthwfh.mp3,3.0
zxvhdqnwwhhrtfu.mp3,0.0
badtxnzvchizsun.mp3,0.0
rhgfqwbvkitczyi.mp3,0.0
kkpmfnluzoqinpi.mp3,0.0
itzosvypzieqarg.mp3,0.0
gsntklbivuxoenb.mp3,1.0
wkgwpirrwjfblxo.mp3,0.0
kwwpeeoeccbhsmc.mp3,0.0
morgsqdnopwsnhk.mp3,0.0
mkodjxmiyekpreo.mp3,3.0
frlqdbfibmycpru.mp3,0.0
hxxautcqwmfhgvy.mp3,0.0
tvzovkoandqyyzh.mp3,3.0
xfdhrjbjcednwko.mp3,0.0
kagegubtillvzvb.mp3,0.0
clnzmiktpmjgagw.mp3,0.0
vlxwzmyfuopvbxc.mp3,2.0
wzcfmkclgmhbgsx.mp3,4.0
iyrrhdcowptqswz.mp3,4.0
orvpvgbwcxlsnlg.mp3,3.0
qfcduajinrjcjze.mp3,3.0
qnxkgqtmudyeekn.mp3,2.0
pachjzxlnrbmfav.mp3,0.0
gjpgxxhyojgqlie.mp3,3.0
tsqwvussbxvgjmn.mp3,0.0
yyfazsipgiskthu.mp3,0.0
aplqdqxzdkputjo.mp3,0.0
nlpwofmlzqcxiiu.mp3,1.0
cwrkhgvfanxdcht.mp3,0.0
cbwvjquuyxhxiku.mp3,1.0
lfjzddfhrphlxgh.mp3,0.0
rygnjdilkgqpgge.mp3,3.0
fgribrdujlahhmz.mp3,0.0
keskmkhfqmwkljq.mp3,0.0
oisquhsgogpvhlo.mp3,3.0
ajpmxversbgohtw.mp3,3.0
ivmdddyoyuhlgjr.mp3,0.0
pbyuxicgnqcgjbw.mp3,0.0
tmvonmiakxsdczc.mp3,0.0
bzemumasmyijyhi.mp3,3.0
fnsymsnradfoyfv.mp3,0.0
tcxipiqtyvcrmjp.mp3,4.0
optutjhbpsazism.mp3,0.0
ejifpviwpstycvp.mp3,0.0
ndvudtmrvskajvz.mp3,3.0
qggoygtdyevsvvr.mp3,0.0
ykixyxqknbuswre.mp3,0.0
pclydsulyccimij.mp3,3.0
wdenukeqvotfqqt.mp3,1.0
ccsivberylshumi.mp3,4.0
yzekjffnmjpeffk.mp3,0.0
iogmmrcscmstarb.mp3,0.0
xsvxqlcqparmmhw.mp3,2.0
uzmmoylffqehcfg.mp3,2.0
mkunqeiixkxtoiq.mp3,0.0
dijsxdujwkoxsbu.mp3,4.0
ylcdgekvekhgndr.mp3,0.0
xrjrjdiasfniqsy.mp3,0.0
fhjsjikwbuzlopf.mp3,4.0
lylgkbqhnyjsarz.mp3,0.0
awitxtuodmxefvl.mp3,4.0
vunupolythxsyvu.mp3,3.0
mkwouxqqmlgtvsq.mp3,0.0
jxvqdcgvpuzrdvl.mp3,3.0
axxdfbwtjtrdkpi.mp3,3.0
kcvbajnomrqxxal.mp3,4.0
xxhezkkrtfcsbfa.mp3,2.0
zskkrjgptyhhvst.mp3,3.0
vllonfzcymcvyhk.mp3,0.0
tqqjlvwouxbuzhb.mp3,3.0
yrnakjokjmnlnbb.mp3,0.0
wchwpnrzlbfbljy.mp3,2.0
pdkgmxsjtfhwacp.mp3,0.0
wycijwvtgdvwzlm.mp3,0.0
xafnagcdpovhsbm.mp3,4.0
oqubfszcmwmnukx.mp3,1.0
qhdiluwletnztfu.mp3,4.0
wiifcagxbamxabw.mp3,3.0
ucxaloyhtyjcfgp.mp3,2.0
wxoteibifayoifw.mp3,2.0
magzolwqvholgfc.mp3,0.0
juvlxnbteityhzr.mp3,2.0
uiahahdzgnhymki.mp3,3.0
dwsbnevjvgxoqag.mp3,3.0
ygwskcvxziijgjy.mp3,3.0
gafobcgllvgxsla.mp3,3.0
zsrevthlzdvapnh.mp3,0.0
hfbqkkaqwcuktzz.mp3,4.0
dfjjbtazlhrdqxi.mp3,3.0
pjbtadjekphktqv.mp3,3.0
lsqqlmuabcvlmel.mp3,1.0
uvtoxsysbvajeiy.mp3,0.0
hbtxpenwpgtaupu.mp3,2.0
gjmjvkdnjhztalf.mp3,3.0
htxzjtnjfdbsima.mp3,4.0
xjqkpperbcpifuz.mp3,3.0
lrrhevwdngxdrfz.mp3,2.0
ejndkliksjtmzqa.mp3,3.0
cbfockwibzpiaej.mp3,3.0
ztrizhsejbdhgun.mp3,2.0
ewqzdibqsbqbkgg.mp3,3.0
jruthpjphypasbf.mp3,4.0
mqorajtcijohrwf.mp3,0.0
xrvzcmbtxtpggtx.mp3,2.0
syomeojkajumhfe.mp3,1.0
ibfpudugdbtjafc.mp3,3.0
tidbpvmeogkdpys.mp3,2.0
pwarjryqjrtchxh.mp3,4.0
ujkwcskvzmiqgqf.mp3,2.0
rnpghuparurhhdm.mp3,0.0
gcloknvnpazfwzq.mp3,0.0
ueveqbipatrjfkq.mp3,0.0
wrmvpgsqiyvbwvz.mp3,2.0
arjpscvqieqszfb.mp3,2.0
yjshzbprmbqsygd.mp3,0.0
nrejaryhnvfihax.mp3,1.0
fbyyubsubbgksas.mp3,4.0
dubfqyrrjrhlthb.mp3,4.0
xtuqjbhpzrymcvo.mp3,3.0
nybyoilanjxqpro.mp3,1.0
pjzjpnwcuxwntjf.mp3,3.0
smveybxnobjizfr.mp3,0.0
rsgfrdoubfyviuq.mp3,3.0
hjcjligfwfnbnek.mp3,0.0
uvnopaejinzjfsp.mp3,1.0
uprgnxwnfyjyxyn.mp3,4.0
nrrfxdzebsueubu.mp3,1.0
kkewjmredhxwjvi.mp3,3.0
ycxpruitqofoadm.mp3,3.0
yyjhgnxdqwpeyqn.mp3,0.0
ixaotvgtlcipchz.mp3,3.0
ouifnlqxbjalmcx.mp3,4.0
bnnamlgxovmvzev.mp3,2.0
ofyklzpjvjenchu.mp3,3.0
riwnjeudvwfsdpj.mp3,3.0
mznpmzqpqyntxzy.mp3,2.0
cqmxgkwhglbhdvb.mp3,3.0
guxlavcejscesii.mp3,2.0
djafozrslhfhshl.mp3,4.0
sfiqcftbgjnvyyf.mp3,2.0
zsgxgdpoehzziwn.mp3,0.0
emkdgscsgdvrtdz.mp3,2.0
nbuwujowzxrqmyy.mp3,0.0
pwpajskftjaiplv.mp3,1.0
nhvveduewbqwenx.mp3,0.0
csanmfdcuxdcoch.mp3,1.0
jjmrfgcbkrqyogl.mp3,3.0
aonsfmipcxffugz.mp3,3.0
uacbwnqryapeswg.mp3,3.0
hiynsvzqtjzfccu.mp3,3.0
jojvdvqwucdyftk.mp3,3.0
ujewobjkuidblap.mp3,0.0
prfuuorrrsfebwd.mp3,0.0
yiesayyjkhhvifj.mp3,3.0
cznwydguuiyjuep.mp3,3.0
fafgdwktvymctap.mp3,1.0
campmwhiriozyar.mp3,2.0
zsjgjzmpdrluzid.mp3,0.0
hgslswelyhovcsq.mp3,2.0
iiordebexusjcgq.mp3,0.0
nsrujsrsofxnhxy.mp3,2.0
vtuxdrchobosmvb.mp3,3.0
laboeflzfxcjhfm.mp3,1.0
lsfnpyzfnskbchs.mp3,0.0
tdgvzrbaznhlrlv.mp3,3.0
fjyinzdcowmldwh.mp3,1.0
zievhckibyyeeho.mp3,3.0
hpidwfgdjxyddcz.mp3,4.0
sivyjruhaaicuuc.mp3,0.0
wkufiannyisrupl.mp3,0.0
zmtcgwkmvwhvgor.mp3,2.0
qjwyxkikqcybsok.mp3,3.0
oqlscqljxwzfdod.mp3,0.0
kliyalrjzsgikba.mp3,0.0
